"","SP500","DowJones","Nasdaq","FTSE100"
"2023-01-03",3824.13989257812,33136.37109375,10386.98046875,7554.10009765625
"2023-01-04",3852.96997070312,33269.76953125,10458.759765625,7585.2001953125
"2023-01-05",3808.10009765625,32930.078125,10305.240234375,7633.5
"2023-01-06",3895.080078125,33630.609375,10569.2900390625,7699.5
"2023-01-09",3892.09008789062,33517.6484375,10635.650390625,7724.89990234375
"2023-01-10",3919.25,33704.1015625,10742.6298828125,7694.5
"2023-01-11",3969.61010742188,33973.01171875,10931.669921875,7725
"2023-01-12",3983.169921875,34189.96875,11001.099609375,7794
"2023-01-13",3999.09008789062,34302.609375,11079.16015625,7844.10009765625
"2023-01-16",NA,NA,NA,7860.10009765625
"2023-01-17",3990.96997070312,33910.8515625,11095.1103515625,7851
"2023-01-18",3928.86010742188,33296.9609375,10957.009765625,7830.7001953125
"2023-01-19",3898.85009765625,33044.55859375,10852.26953125,7747.2998046875
"2023-01-20",3972.61010742188,33375.48828125,11140.4296875,7770.60009765625
"2023-01-23",4019.81005859375,33629.55859375,11364.41015625,7784.7001953125
"2023-01-24",4016.94995117188,33733.9609375,11334.26953125,7757.39990234375
"2023-01-25",4016.21997070312,33743.83984375,11313.3603515625,7744.89990234375
"2023-01-26",4060.42993164062,33949.41015625,11512.41015625,7761.10009765625
"2023-01-27",4070.56005859375,33978.078125,11621.7099609375,7765.2001953125
"2023-01-30",4017.77001953125,33717.08984375,11393.8095703125,7784.89990234375
"2023-01-31",4076.60009765625,34086.0390625,11584.5498046875,7771.7001953125
"2023-02-01",4119.2099609375,34092.9609375,11816.3203125,7761.10009765625
"2023-02-02",4179.759765625,34053.94140625,12200.8203125,7820.2001953125
"2023-02-03",4136.47998046875,33926.01171875,12006.9501953125,7901.7998046875
"2023-02-06",4111.080078125,33891.01953125,11887.4501953125,7836.7001953125
"2023-02-07",4164,34156.69140625,12113.7900390625,7864.7001953125
"2023-02-08",4117.85986328125,33949.01171875,11910.51953125,7885.2001953125
"2023-02-09",4081.5,33699.87890625,11789.580078125,7911.2001953125
"2023-02-10",4090.4599609375,33869.26953125,11718.1201171875,7882.5
"2023-02-13",4137.2900390625,34245.9296875,11891.7900390625,7947.60009765625
"2023-02-14",4136.1298828125,34089.26953125,11960.150390625,7953.89990234375
"2023-02-15",4147.60009765625,34128.05078125,12070.58984375,7997.7998046875
"2023-02-16",4090.40991210938,33696.8515625,11855.830078125,8012.5
"2023-02-17",4079.09008789062,33826.69140625,11787.26953125,8004.39990234375
"2023-02-20",NA,NA,NA,8014.2998046875
"2023-02-21",3997.34008789062,33129.58984375,11492.2998046875,7977.7998046875
"2023-02-22",3991.05004882812,33045.08984375,11507.0703125,7930.60009765625
"2023-02-23",4012.32006835938,33153.91015625,11590.400390625,7907.7001953125
"2023-02-24",3970.0400390625,32816.921875,11394.9404296875,7878.7001953125
"2023-02-27",3982.23999023438,32889.08984375,11466.98046875,7935.10009765625
"2023-02-28",3970.14990234375,32656.69921875,11455.5400390625,7876.2998046875
"2023-03-01",3951.38989257812,32661.83984375,11379.48046875,7914.89990234375
"2023-03-02",3981.35009765625,33003.5703125,11462.98046875,7944
"2023-03-03",4045.63989257812,33390.96875,11689.009765625,7947.10009765625
"2023-03-06",4048.419921875,33431.44140625,11675.740234375,7929.7998046875
"2023-03-07",3986.3701171875,32856.4609375,11530.330078125,7919.5
"2023-03-08",3992.01000976562,32798.3984375,11576,7929.89990234375
"2023-03-09",3918.32006835938,32254.859375,11338.349609375,7880
"2023-03-10",3861.59008789062,31909.640625,11138.8896484375,7748.39990234375
"2023-03-13",3855.76000976562,31819.140625,11188.83984375,7548.60009765625
"2023-03-14",3919.2900390625,32155.400390625,11428.150390625,7637.10009765625
"2023-03-15",3891.92993164062,31874.5703125,11434.0498046875,7344.5
"2023-03-16",3960.28002929688,32246.55078125,11717.2802734375,7410
"2023-03-17",3916.63989257812,31861.98046875,11630.509765625,7335.39990234375
"2023-03-20",3951.57006835938,32244.580078125,11675.5400390625,7403.89990234375
"2023-03-21",4002.8701171875,32560.599609375,11860.1103515625,7536.2001953125
"2023-03-22",3936.96997070312,32030.109375,11669.9599609375,7566.7998046875
"2023-03-23",3948.71997070312,32105.25,11787.400390625,7499.60009765625
"2023-03-24",3970.98999023438,32237.529296875,11823.9599609375,7405.5
"2023-03-27",3977.53002929688,32432.080078125,11768.83984375,7471.7998046875
"2023-03-28",3971.27001953125,32394.25,11716.080078125,7484.2998046875
"2023-03-29",4027.81005859375,32717.599609375,11926.240234375,7564.2998046875
"2023-03-30",4050.830078125,32859.03125,12013.4697265625,7620.39990234375
"2023-03-31",4109.31005859375,33274.1484375,12221.91015625,7631.7001953125
"2023-04-03",4124.509765625,33601.1484375,12189.4501953125,7673
"2023-04-04",4100.60009765625,33402.37890625,12126.330078125,7634.5
"2023-04-05",4090.3798828125,33482.71875,11996.8603515625,7662.89990234375
"2023-04-06",4105.02001953125,33485.2890625,12087.9599609375,7741.60009765625
"2023-04-10",4109.10986328125,33586.51953125,12084.3603515625,NA
"2023-04-11",4108.93994140625,33684.7890625,12031.8798828125,7785.7001953125
"2023-04-12",4091.94995117188,33646.5,11929.33984375,7824.7998046875
"2023-04-13",4146.22021484375,34029.69140625,12166.26953125,7843.39990234375
"2023-04-14",4137.64013671875,33886.46875,12123.4697265625,7871.89990234375
"2023-04-17",4151.31982421875,33987.1796875,12157.7197265625,7879.5
"2023-04-18",4154.8701171875,33976.62890625,12153.41015625,7909.39990234375
"2023-04-19",4154.52001953125,33897.01171875,12157.23046875,7898.7998046875
"2023-04-20",4129.7900390625,33786.62109375,12059.5595703125,7902.60009765625
"2023-04-21",4133.52001953125,33808.9609375,12072.4599609375,7914.10009765625
"2023-04-24",4137.0400390625,33875.3984375,12037.2001953125,7912.2001953125
"2023-04-25",4071.6298828125,33530.828125,11799.16015625,7891.10009765625
"2023-04-26",4055.98999023438,33301.87109375,11854.349609375,7852.60009765625
"2023-04-27",4135.35009765625,33826.16015625,12142.240234375,7831.60009765625
"2023-04-28",4169.47998046875,34098.16015625,12226.580078125,7870.60009765625
"2023-05-01",4167.8701171875,34051.69921875,12212.599609375,NA
"2023-05-02",4119.580078125,33684.53125,12080.509765625,7773
"2023-05-03",4090.75,33414.23828125,12025.330078125,7788.39990234375
"2023-05-04",4061.21997070312,33127.73828125,11966.400390625,7702.60009765625
"2023-05-05",4136.25,33674.37890625,12235.41015625,7778.39990234375
"2023-05-08",4138.1201171875,33618.69140625,12256.919921875,NA
"2023-05-09",4119.169921875,33561.80859375,12179.5498046875,7764.10009765625
"2023-05-10",4137.64013671875,33531.328125,12306.4404296875,7741.2998046875
"2023-05-11",4130.6201171875,33309.51171875,12328.509765625,7730.60009765625
"2023-05-12",4124.080078125,33300.62109375,12284.740234375,7754.60009765625
"2023-05-15",4136.27978515625,33348.6015625,12365.2099609375,7777.7001953125
"2023-05-16",4109.89990234375,33012.140625,12343.0498046875,7751.10009765625
"2023-05-17",4158.77001953125,33420.76953125,12500.5703125,7723.2001953125
"2023-05-18",4198.0498046875,33535.91015625,12688.83984375,7742.2998046875
"2023-05-19",4191.97998046875,33426.62890625,12657.900390625,7756.89990234375
"2023-05-22",4192.6298828125,33286.578125,12720.7802734375,7771
"2023-05-23",4145.580078125,33055.51171875,12560.25,7763
"2023-05-24",4115.240234375,32799.921875,12484.16015625,7627.10009765625
"2023-05-25",4151.27978515625,32764.650390625,12698.08984375,7570.89990234375
"2023-05-26",4205.4501953125,33093.33984375,12975.6904296875,7627.2001953125
"2023-05-30",4205.52001953125,33042.78125,13017.4296875,7522.10009765625
"2023-05-31",4179.830078125,32908.26953125,12935.2900390625,7446.10009765625
"2023-06-01",4221.02001953125,33061.5703125,13100.98046875,7490.2998046875
"2023-06-02",4282.3701171875,33762.76171875,13240.76953125,7607.2998046875
"2023-06-05",4273.7900390625,33562.859375,13229.4296875,7600
"2023-06-06",4283.85009765625,33573.28125,13276.419921875,7628.10009765625
"2023-06-07",4267.52001953125,33665.01953125,13104.900390625,7624.2998046875
"2023-06-08",4293.93017578125,33833.609375,13238.51953125,7599.7001953125
"2023-06-09",4298.85986328125,33876.78125,13259.1396484375,7562.39990234375
"2023-06-12",4338.93017578125,34066.328125,13461.919921875,7570.7001953125
"2023-06-13",4369.009765625,34212.12109375,13573.3203125,7594.7998046875
"2023-06-14",4372.58984375,33979.328125,13626.48046875,7602.7001953125
"2023-06-15",4425.83984375,34408.05859375,13782.8203125,7628.2998046875
"2023-06-16",4409.58984375,34299.12109375,13689.5703125,7642.7001953125
"2023-06-19",NA,NA,NA,7588.5
"2023-06-20",4388.7099609375,34053.87109375,13667.2900390625,7569.2998046875
"2023-06-21",4365.68994140625,33951.51953125,13502.2001953125,7559.2001953125
"2023-06-22",4381.89013671875,33946.7109375,13630.6103515625,7502
"2023-06-23",4348.330078125,33727.4296875,13492.51953125,7461.89990234375
"2023-06-26",4328.81982421875,33714.7109375,13335.7802734375,7453.60009765625
"2023-06-27",4378.41015625,33926.73828125,13555.669921875,7461.5
"2023-06-28",4376.85986328125,33852.66015625,13591.75,7500.5
"2023-06-29",4396.43994140625,34122.421875,13591.330078125,7471.7001953125
"2023-06-30",4450.3798828125,34407.6015625,13787.919921875,7531.5
"2023-07-03",4455.58984375,34418.46875,13816.76953125,7527.2998046875
"2023-07-04",NA,NA,NA,7519.7001953125
"2023-07-05",4446.81982421875,34288.640625,13791.650390625,7442.10009765625
"2023-07-06",4411.58984375,33922.26171875,13679.0400390625,7280.5
"2023-07-07",4398.9501953125,33734.87890625,13660.7197265625,7256.89990234375
"2023-07-10",4409.52978515625,33944.3984375,13685.48046875,7273.7998046875
"2023-07-11",4439.259765625,34261.421875,13760.7001953125,7282.5
"2023-07-12",4472.16015625,34347.4296875,13918.9599609375,7416.10009765625
"2023-07-13",4510.0400390625,34395.140625,14138.5703125,7440.2001953125
"2023-07-14",4505.419921875,34509.03125,14113.7001953125,7434.60009765625
"2023-07-17",4522.7900390625,34585.3515625,14244.9501953125,7406.39990234375
"2023-07-18",4554.97998046875,34951.9296875,14353.6396484375,7453.7001953125
"2023-07-19",4565.72021484375,35061.2109375,14358.01953125,7588.2001953125
"2023-07-20",4534.8701171875,35225.1796875,14063.3095703125,7646.10009765625
"2023-07-21",4536.33984375,35227.69140625,14032.8095703125,7663.7001953125
"2023-07-24",4554.64013671875,35411.23828125,14058.8701171875,7678.60009765625
"2023-07-25",4567.4599609375,35438.0703125,14144.5595703125,7691.7998046875
"2023-07-26",4566.75,35520.12109375,14127.2802734375,7676.89990234375
"2023-07-27",4537.41015625,35282.71875,14050.1103515625,7692.7998046875
"2023-07-28",4582.22998046875,35459.2890625,14316.66015625,7694.2998046875
"2023-07-31",4588.9599609375,35559.53125,14346.01953125,7699.39990234375
"2023-08-01",4576.72998046875,35630.6796875,14283.91015625,7666.2998046875
"2023-08-02",4513.39013671875,35282.51953125,13973.4501953125,7561.60009765625
"2023-08-03",4501.89013671875,35215.890625,13959.7197265625,7529.2001953125
"2023-08-04",4478.02978515625,35065.62109375,13909.240234375,7564.39990234375
"2023-08-07",4518.43994140625,35473.12890625,13994.400390625,7554.5
"2023-08-08",4499.3798828125,35314.48828125,13884.3203125,7527.39990234375
"2023-08-09",4467.7099609375,35123.359375,13722.01953125,7587.2998046875
"2023-08-10",4468.830078125,35176.1484375,13737.990234375,7618.60009765625
"2023-08-11",4464.0498046875,35281.3984375,13644.849609375,7524.2001953125
"2023-08-14",4489.72021484375,35307.62890625,13788.330078125,7507.2001953125
"2023-08-15",4437.85986328125,34946.390625,13631.0498046875,7389.60009765625
"2023-08-16",4404.330078125,34765.73828125,13474.6298828125,7356.89990234375
"2023-08-17",4370.35986328125,34474.828125,13316.9296875,7310.2001953125
"2023-08-18",4369.7099609375,34500.66015625,13290.7802734375,7262.39990234375
"2023-08-21",4399.77001953125,34463.69140625,13497.58984375,7257.7998046875
"2023-08-22",4387.5498046875,34288.828125,13505.8701171875,7270.7998046875
"2023-08-23",4436.009765625,34472.98046875,13721.0302734375,7320.5
"2023-08-24",4376.31005859375,34099.421875,13463.9697265625,7333.60009765625
"2023-08-25",4405.7099609375,34346.8984375,13590.650390625,7338.60009765625
"2023-08-28",4433.31005859375,34559.98046875,13705.1298828125,NA
"2023-08-29",4497.6298828125,34852.671875,13943.759765625,7465
"2023-08-30",4514.8701171875,34890.23828125,14019.3095703125,7473.7001953125
"2023-08-31",4507.66015625,34721.91015625,14034.9697265625,7439.10009765625
"2023-09-01",4515.77001953125,34837.7109375,14031.8095703125,7464.5
"2023-09-04",NA,NA,NA,7452.7998046875
"2023-09-05",4496.830078125,34641.96875,14020.9501953125,7437.89990234375
"2023-09-06",4465.47998046875,34443.19140625,13872.4697265625,7426.10009765625
"2023-09-07",4451.14013671875,34500.73046875,13748.830078125,7441.7001953125
"2023-09-08",4457.490234375,34576.58984375,13761.5302734375,7478.2001953125
"2023-09-11",4487.4599609375,34663.71875,13917.8896484375,7496.89990234375
"2023-09-12",4461.89990234375,34645.98828125,13773.6103515625,7527.5
"2023-09-13",4467.43994140625,34575.53125,13813.58984375,7526
"2023-09-14",4505.10009765625,34907.109375,13926.0498046875,7673.10009765625
"2023-09-15",4450.31982421875,34618.23828125,13708.330078125,7711.39990234375
"2023-09-18",4453.52978515625,34624.30078125,13710.240234375,7652.89990234375
"2023-09-19",4443.9501953125,34517.73046875,13678.1904296875,7660.2001953125
"2023-09-20",4402.2001953125,34440.87890625,13469.1298828125,7731.7001953125
"2023-09-21",4330,34070.421875,13223.98046875,7678.60009765625
"2023-09-22",4320.06005859375,33963.83984375,13211.8095703125,7683.89990234375
"2023-09-25",4337.43994140625,34006.87890625,13271.3203125,7624
"2023-09-26",4273.52978515625,33618.87890625,13063.6103515625,7625.7001953125
"2023-09-27",4274.509765625,33550.26953125,13092.849609375,7593.2001953125
"2023-09-28",4299.7001953125,33666.33984375,13201.2802734375,7601.89990234375
"2023-09-29",4288.0498046875,33507.5,13219.3203125,7608.10009765625
"2023-10-02",4288.39013671875,33433.3515625,13307.76953125,7510.7001953125
"2023-10-03",4229.4501953125,33002.37890625,13059.4697265625,7470.2001953125
"2023-10-04",4263.75,33129.55078125,13236.009765625,7412.5
"2023-10-05",4258.18994140625,33119.5703125,13219.830078125,7451.5
"2023-10-06",4308.5,33407.578125,13431.33984375,7494.60009765625
"2023-10-09",4335.66015625,33604.6484375,13484.240234375,7492.2001953125
"2023-10-10",4358.240234375,33739.30078125,13562.83984375,7628.2001953125
"2023-10-11",4376.9501953125,33804.87109375,13659.6796875,7620
"2023-10-12",4349.60986328125,33631.140625,13574.2197265625,7644.7998046875
"2023-10-13",4327.77978515625,33670.2890625,13407.23046875,7599.60009765625
"2023-10-16",4373.6298828125,33984.5390625,13567.98046875,7630.60009765625
"2023-10-17",4373.2001953125,33997.6484375,13533.75,7675.2001953125
"2023-10-18",4314.60009765625,33665.078125,13314.2998046875,7588
"2023-10-19",4278,33414.171875,13186.1796875,7499.5
"2023-10-20",4224.16015625,33127.28125,12983.8095703125,7402.10009765625
"2023-10-23",4217.0400390625,32936.41015625,13018.330078125,7374.7998046875
"2023-10-24",4247.68017578125,33141.37890625,13139.8701171875,7389.7001953125
"2023-10-25",4186.77001953125,33035.9296875,12821.2197265625,7414.2998046875
"2023-10-26",4137.22998046875,32784.30078125,12595.6103515625,7354.60009765625
"2023-10-27",4117.3701171875,32417.58984375,12643.009765625,7291.2998046875
"2023-10-30",4166.81982421875,32928.9609375,12789.48046875,7327.39990234375
"2023-10-31",4193.7998046875,33052.87109375,12851.240234375,7321.7001953125
"2023-11-01",4237.85986328125,33274.578125,13061.4697265625,7342.39990234375
"2023-11-02",4317.77978515625,33839.078125,13294.1904296875,7446.5
"2023-11-03",4358.33984375,34061.3203125,13478.2802734375,7417.7001953125
"2023-11-06",4365.97998046875,34095.859375,13518.7802734375,7417.7998046875
"2023-11-07",4378.3798828125,34152.6015625,13639.8603515625,7410
"2023-11-08",4382.77978515625,34112.26953125,13650.41015625,7401.7001953125
"2023-11-09",4347.35009765625,33891.94140625,13521.4501953125,7455.7001953125
"2023-11-10",4415.240234375,34283.1015625,13798.1103515625,7360.60009765625
"2023-11-13",4411.5498046875,34337.87109375,13767.740234375,7425.7998046875
"2023-11-14",4495.7001953125,34827.69921875,14094.3798828125,7440.5
"2023-11-15",4502.8798828125,34991.2109375,14103.83984375,7486.89990234375
"2023-11-16",4508.240234375,34945.46875,14113.669921875,7411
"2023-11-17",4514.02001953125,34947.28125,14125.48046875,7504.2998046875
"2023-11-20",4547.3798828125,35151.0390625,14284.5302734375,7496.39990234375
"2023-11-21",4538.18994140625,35088.2890625,14199.98046875,7482
"2023-11-22",4556.6201171875,35273.03125,14265.8603515625,7469.5
"2023-11-23",NA,NA,NA,7483.60009765625
"2023-11-24",4559.33984375,35390.1484375,14250.849609375,7488.2001953125
"2023-11-27",4550.43017578125,35333.46875,14241.01953125,7460.7001953125
"2023-11-28",4554.89013671875,35416.98046875,14281.759765625,7455.2001953125
"2023-11-29",4550.580078125,35430.421875,14258.490234375,7423.5
"2023-11-30",4567.7998046875,35950.890625,14226.2197265625,7453.7998046875
"2023-12-01",4594.6298828125,36245.5,14305.0302734375,7529.39990234375
"2023-12-04",4569.77978515625,36204.44140625,14185.490234375,7513
"2023-12-05",4567.18017578125,36124.55859375,14229.91015625,7489.7998046875
"2023-12-06",4549.33984375,36054.4296875,14146.7099609375,7515.39990234375
"2023-12-07",4585.58984375,36117.37890625,14339.990234375,7513.7001953125
"2023-12-08",4604.3701171875,36247.87109375,14403.9697265625,7554.5
"2023-12-11",4622.43994140625,36404.9296875,14432.490234375,7544.89990234375
"2023-12-12",4643.7001953125,36577.94140625,14533.400390625,7542.7998046875
"2023-12-13",4707.08984375,37090.23828125,14733.9599609375,7548.39990234375
"2023-12-14",4719.5498046875,37248.3515625,14761.5595703125,7649
"2023-12-15",4719.18994140625,37305.16015625,14813.919921875,7576.39990234375
"2023-12-18",4740.56005859375,37306.01953125,14904.8095703125,7614.5
"2023-12-19",4768.3701171875,37557.921875,15003.2197265625,7638
"2023-12-20",4698.35009765625,37082,14777.9404296875,7715.7001953125
"2023-12-21",4746.75,37404.3515625,14963.8701171875,7694.7001953125
"2023-12-22",4754.6298828125,37385.96875,14992.9697265625,7697.5
"2023-12-26",4774.75,37545.328125,15074.5703125,NA
"2023-12-27",4781.580078125,37656.51953125,15099.1796875,7725
"2023-12-28",4783.35009765625,37710.1015625,15095.1396484375,7722.7001953125
"2023-12-29",4769.830078125,37689.5390625,15011.349609375,7733.2001953125
"2024-01-02",4742.830078125,37715.0390625,14765.9404296875,7721.5
"2024-01-03",4704.81005859375,37430.19140625,14592.2099609375,7682.2998046875
"2024-01-04",4688.68017578125,37440.33984375,14510.2998046875,7723.10009765625
"2024-01-05",4697.240234375,37466.109375,14524.0703125,7689.60009765625
"2024-01-08",4763.5400390625,37683.01171875,14843.76953125,7694.2001953125
"2024-01-09",4756.5,37525.16015625,14857.7099609375,7684
"2024-01-10",4783.4501953125,37695.73046875,14969.650390625,7651.7998046875
"2024-01-11",4780.240234375,37711.01953125,14970.1904296875,7576.60009765625
"2024-01-12",4783.830078125,37592.98046875,14972.759765625,7624.89990234375
"2024-01-15",NA,NA,NA,7594.89990234375
"2024-01-16",4765.97998046875,37361.12109375,14944.349609375,7558.2998046875
"2024-01-17",4739.2099609375,37266.671875,14855.6201171875,7446.2998046875
"2024-01-18",4780.93994140625,37468.609375,15055.650390625,7459.10009765625
"2024-01-19",4839.81005859375,37863.80078125,15310.9697265625,7461.89990234375
"2024-01-22",4850.43017578125,38001.80859375,15360.2900390625,7487.7001953125
"2024-01-23",4864.60009765625,37905.44921875,15425.9404296875,7485.7001953125
"2024-01-24",4868.5498046875,37806.390625,15481.919921875,7527.7001953125
"2024-01-25",4894.16015625,38049.12890625,15510.5,7529.7001953125
"2024-01-26",4890.97021484375,38109.4296875,15455.3603515625,7635.10009765625
"2024-01-29",4927.93017578125,38333.44921875,15628.0400390625,7632.7001953125
"2024-01-30",4924.97021484375,38467.30859375,15509.900390625,7666.2998046875
"2024-01-31",4845.64990234375,38150.30078125,15164.009765625,7630.60009765625
"2024-02-01",4906.18994140625,38519.83984375,15361.6396484375,7622.2001953125
"2024-02-02",4958.60986328125,38654.421875,15628.9501953125,7615.5
"2024-02-05",4942.81005859375,38380.12109375,15597.6796875,7612.89990234375
"2024-02-06",4954.22998046875,38521.359375,15609,7681
"2024-02-07",4995.06005859375,38677.359375,15756.6396484375,7628.7998046875
"2024-02-08",4997.91015625,38726.328125,15793.7099609375,7595.5
"2024-02-09",5026.60986328125,38671.69140625,15990.66015625,7572.60009765625
"2024-02-12",5021.83984375,38797.37890625,15942.5498046875,7573.7001953125
"2024-02-13",4953.169921875,38272.75,15655.599609375,7512.2998046875
"2024-02-14",5000.6201171875,38424.26953125,15859.150390625,7568.39990234375
"2024-02-15",5029.72998046875,38773.12109375,15906.169921875,7597.5
"2024-02-16",5005.56982421875,38627.98828125,15775.650390625,7711.7001953125
"2024-02-19",NA,NA,NA,7728.5
"2024-02-20",4975.509765625,38563.80078125,15630.7802734375,7719.2001953125
"2024-02-21",4981.7998046875,38612.23828125,15580.8701171875,7662.5
"2024-02-22",5087.02978515625,39069.109375,16041.6201171875,7684.5
"2024-02-23",5088.7998046875,39131.53125,15996.8203125,7706.2998046875
"2024-02-26",5069.52978515625,39069.23046875,15976.25,7684.2998046875
"2024-02-27",5078.18017578125,38972.41015625,16035.2998046875,7683
"2024-02-28",5069.759765625,38949.01953125,15947.740234375,7625
"2024-02-29",5096.27001953125,38996.390625,16091.919921875,7630
"2024-03-01",5137.080078125,39087.37890625,16274.9404296875,7682.5
"2024-03-04",5130.9501953125,38989.828125,16207.509765625,7640.2998046875
"2024-03-05",5078.64990234375,38585.19140625,15939.58984375,7646.2001953125
"2024-03-06",5104.759765625,38661.05078125,16031.5400390625,7679.2998046875
"2024-03-07",5157.35986328125,38791.3515625,16273.3798828125,7692.5
"2024-03-08",5123.68994140625,38722.69140625,16085.1103515625,7659.7001953125
"2024-03-11",5117.93994140625,38769.66015625,16019.26953125,7669.2001953125
"2024-03-12",5175.27001953125,39005.48828125,16265.6396484375,7747.7998046875
"2024-03-13",5165.31005859375,39043.3203125,16177.76953125,7772.2001953125
"2024-03-14",5150.47998046875,38905.66015625,16128.5302734375,7743.2001953125
"2024-03-15",5117.08984375,38714.76953125,15973.169921875,7727.39990234375
"2024-03-18",5149.419921875,38790.4296875,16103.4501953125,7722.60009765625
"2024-03-19",5178.509765625,39110.76171875,16166.7900390625,7738.2998046875
"2024-03-20",5224.6201171875,39512.12890625,16369.41015625,7737.39990234375
"2024-03-21",5241.52978515625,39781.37109375,16401.83984375,7882.60009765625
"2024-03-22",5234.18017578125,39475.8984375,16428.8203125,7930.89990234375
"2024-03-25",5218.18994140625,39313.640625,16384.470703125,7917.60009765625
"2024-03-26",5203.580078125,39282.328125,16315.7001953125,7931
"2024-03-27",5248.490234375,39760.078125,16399.51953125,7932
"2024-03-28",5254.35009765625,39807.37109375,16379.4599609375,7952.60009765625
"2024-04-01",5243.77001953125,39566.8515625,16396.830078125,NA
"2024-04-02",5205.81005859375,39170.23828125,16240.4501953125,7935.10009765625
"2024-04-03",5211.490234375,39127.140625,16277.4599609375,7937.39990234375
"2024-04-04",5147.2099609375,38596.98046875,16049.080078125,7975.89990234375
"2024-04-05",5204.33984375,38904.0390625,16248.51953125,7911.2001953125
"2024-04-08",5202.39013671875,38892.80078125,16253.9599609375,7943.5
"2024-04-09",5209.91015625,38883.671875,16306.6396484375,7934.7998046875
"2024-04-10",5160.64013671875,38461.51171875,16170.3603515625,7961.2001953125
"2024-04-11",5199.06005859375,38459.078125,16442.19921875,7923.7998046875
"2024-04-12",5123.41015625,37983.23828125,16175.08984375,7995.60009765625
"2024-04-15",5061.81982421875,37735.109375,15885.01953125,7965.5
"2024-04-16",5051.41015625,37798.96875,15865.25,7820.39990234375
"2024-04-17",5022.2099609375,37753.30859375,15683.3701171875,7848
"2024-04-18",5011.1201171875,37775.37890625,15601.5,7877.10009765625
"2024-04-19",4967.22998046875,37986.3984375,15282.009765625,7895.89990234375
"2024-04-22",5010.60009765625,38239.98046875,15451.3095703125,8023.89990234375
"2024-04-23",5070.5498046875,38503.69140625,15696.6396484375,8044.7998046875
"2024-04-24",5071.6298828125,38460.921875,15712.75,8040.39990234375
"2024-04-25",5048.419921875,38085.80078125,15611.759765625,8078.89990234375
"2024-04-26",5099.9599609375,38239.66015625,15927.900390625,8139.7998046875
"2024-04-29",5116.169921875,38386.08984375,15983.080078125,8147
"2024-04-30",5035.68994140625,37815.921875,15657.8203125,8144.10009765625
"2024-05-01",5018.39013671875,37903.2890625,15605.48046875,8121.2001953125
"2024-05-02",5064.2001953125,38225.66015625,15840.9599609375,8172.2001953125
"2024-05-03",5127.7900390625,38675.6796875,16156.330078125,8213.5
"2024-05-06",5180.740234375,38852.26953125,16349.25,NA
"2024-05-07",5187.7001953125,38884.26171875,16332.5595703125,8313.7001953125
"2024-05-08",5187.669921875,39056.390625,16302.759765625,8354.099609375
"2024-05-09",5214.080078125,39387.76171875,16346.259765625,8381.400390625
"2024-05-10",5222.68017578125,39512.83984375,16340.8701171875,8433.7998046875
"2024-05-13",5221.419921875,39431.51171875,16388.240234375,8415
"2024-05-14",5246.68017578125,39558.109375,16511.1796875,8428.099609375
"2024-05-15",5308.14990234375,39908,16742.390625,8445.7998046875
"2024-05-16",5297.10009765625,39869.37890625,16698.3203125,8438.7001953125
"2024-05-17",5303.27001953125,40003.58984375,16685.970703125,8420.2998046875
"2024-05-20",5308.1298828125,39806.76953125,16794.869140625,8424.2001953125
"2024-05-21",5321.41015625,39872.98828125,16832.619140625,8416.5
"2024-05-22",5307.009765625,39671.0390625,16801.5390625,8370.2998046875
"2024-05-23",5267.83984375,39065.26171875,16736.029296875,8339.2001953125
"2024-05-24",5304.72021484375,39069.58984375,16920.7890625,8317.599609375
"2024-05-28",5306.0400390625,38852.859375,17019.880859375,8254.2001953125
"2024-05-29",5266.9501953125,38441.5390625,16920.580078125,8183.10009765625
"2024-05-30",5235.47998046875,38111.48046875,16737.080078125,8231.099609375
"2024-05-31",5277.509765625,38686.3203125,16735.01953125,8275.400390625
"2024-06-03",5283.39990234375,38571.03125,16828.669921875,8262.7998046875
"2024-06-04",5291.33984375,38711.2890625,16857.05078125,8232
"2024-06-05",5354.02978515625,38807.328125,17187.900390625,8247
"2024-06-06",5352.9599609375,38886.171875,17173.119140625,8285.2998046875
"2024-06-07",5346.990234375,38798.98828125,17133.130859375,8245.400390625
"2024-06-10",5360.7900390625,38868.0390625,17192.529296875,8228.5
"2024-06-11",5375.31982421875,38747.421875,17343.55078125,8147.7998046875
"2024-06-12",5421.02978515625,38712.2109375,17608.439453125,8215.5
"2024-06-13",5433.740234375,38647.1015625,17667.560546875,8163.7001953125
"2024-06-14",5431.60009765625,38589.16015625,17688.880859375,8146.89990234375
"2024-06-17",5473.22998046875,38778.1015625,17857.01953125,8142.2001953125
"2024-06-18",5487.02978515625,38834.859375,17862.23046875,8191.2998046875
"2024-06-19",NA,NA,NA,8205.099609375
"2024-06-20",5473.169921875,39134.76171875,17721.58984375,8272.5
"2024-06-21",5464.6201171875,39150.328125,17689.359375,8237.7001953125
"2024-06-24",5447.8701171875,39411.2109375,17496.8203125,8281.599609375
"2024-06-25",5469.2998046875,39112.16015625,17717.650390625,8247.7998046875
"2024-06-26",5477.89990234375,39127.80078125,17805.16015625,8225.2998046875
"2024-06-27",5482.8701171875,39164.05859375,17858.6796875,8179.7001953125
"2024-06-28",5460.47998046875,39118.859375,17732.599609375,8164.10009765625
"2024-07-01",5475.08984375,39169.51953125,17879.30078125,8166.7998046875
"2024-07-02",5509.009765625,39331.8515625,18028.759765625,8121.2001953125
"2024-07-03",5537.02001953125,39308,18188.30078125,8171.10009765625
"2024-07-04",NA,NA,NA,8241.2998046875
"2024-07-05",5567.18994140625,39375.87109375,18352.759765625,8203.900390625
"2024-07-08",5572.85009765625,39344.7890625,18403.740234375,8193.5
"2024-07-09",5576.97998046875,39291.96875,18429.2890625,8139.7998046875
"2024-07-10",5633.91015625,39721.359375,18647.44921875,8193.5
"2024-07-11",5584.5400390625,39753.75,18283.41015625,8223.2998046875
"2024-07-12",5615.35009765625,40000.8984375,18398.44921875,8252.900390625
"2024-07-15",5631.22021484375,40211.71875,18472.5703125,8183
"2024-07-16",5667.2001953125,40954.48046875,18509.33984375,8164.89990234375
"2024-07-17",5588.27001953125,41198.078125,17996.919921875,8187.5
"2024-07-18",5544.58984375,40665.01953125,17871.220703125,8204.900390625
"2024-07-19",5505,40287.53125,17726.939453125,8155.7001953125
"2024-07-22",5564.41015625,40415.44140625,18007.5703125,8198.7998046875
"2024-07-23",5555.740234375,40358.08984375,17997.349609375,8167.39990234375
"2024-07-24",5427.1298828125,39853.87109375,17342.41015625,8153.7001953125
"2024-07-25",5399.22021484375,39935.0703125,17181.720703125,8186.39990234375
"2024-07-26",5459.10009765625,40589.33984375,17357.880859375,8285.7001953125
"2024-07-29",5463.5400390625,40539.9296875,17370.19921875,8292.400390625
"2024-07-30",5436.43994140625,40743.328125,17147.419921875,8274.400390625
"2024-07-31",5522.2998046875,40842.7890625,17599.400390625,8368
"2024-08-01",5446.68017578125,40347.96875,17194.150390625,8283.400390625
"2024-08-02",5346.56005859375,39737.26171875,16776.16015625,8174.7001953125
"2024-08-05",5186.330078125,38703.26953125,16200.080078125,8008.2001953125
"2024-08-06",5240.02978515625,38997.66015625,16366.849609375,8026.7001953125
"2024-08-07",5199.5,38763.44921875,16195.8095703125,8166.89990234375
"2024-08-08",5319.31005859375,39446.48828125,16660.01953125,8145
"2024-08-09",5344.16015625,39497.5390625,16745.30078125,8168.10009765625
"2024-08-12",5344.39013671875,39357.01171875,16780.609375,8210.2998046875
"2024-08-13",5434.43017578125,39765.640625,17187.609375,8235.2001953125
"2024-08-14",5455.2099609375,40008.390625,17192.599609375,8281.099609375
"2024-08-15",5543.22021484375,40563.05859375,17594.5,8347.400390625
"2024-08-16",5554.25,40659.76171875,17631.720703125,8311.400390625
"2024-08-19",5608.25,40896.53125,17876.76953125,8356.900390625
"2024-08-20",5597.1201171875,40834.96875,17816.939453125,8273.2998046875
"2024-08-21",5620.85009765625,40890.48828125,17918.990234375,8283.400390625
"2024-08-22",5570.64013671875,40712.78125,17619.349609375,8288
"2024-08-23",5634.60986328125,41175.078125,17877.7890625,8327.7998046875
"2024-08-26",5616.83984375,41240.51953125,17725.76953125,NA
"2024-08-27",5625.7998046875,41250.5,17754.8203125,8345.5
"2024-08-28",5592.18017578125,41091.421875,17556.029296875,8343.900390625
"2024-08-29",5591.9599609375,41335.05078125,17516.4296875,8379.599609375
"2024-08-30",5648.39990234375,41563.078125,17713.619140625,8376.599609375
"2024-09-02",NA,NA,NA,8363.7998046875
"2024-09-03",5528.93017578125,40936.9296875,17136.30078125,8298.5
"2024-09-04",5520.06982421875,40974.96875,17084.30078125,8269.599609375
"2024-09-05",5503.41015625,40755.75,17127.66015625,8241.7001953125
"2024-09-06",5408.419921875,40345.41015625,16690.830078125,8181.5
"2024-09-09",5471.0498046875,40829.58984375,16884.599609375,8270.7998046875
"2024-09-10",5495.52001953125,40736.9609375,17025.880859375,8206
"2024-09-11",5554.1298828125,40861.7109375,17395.529296875,8193.900390625
"2024-09-12",5595.759765625,41096.76953125,17569.6796875,8241
"2024-09-13",5626.02001953125,41393.78125,17683.98046875,8273.099609375
"2024-09-16",5633.08984375,41622.078125,17592.130859375,8278.400390625
"2024-09-17",5634.580078125,41606.1796875,17628.060546875,8309.900390625
"2024-09-18",5618.259765625,41503.1015625,17573.30078125,8253.7001953125
"2024-09-19",5713.64013671875,42025.19140625,18013.98046875,8328.7001953125
"2024-09-20",5702.5498046875,42063.359375,17948.3203125,8230
"2024-09-23",5718.56982421875,42124.6484375,17974.26953125,8259.7001953125
"2024-09-24",5732.93017578125,42208.21875,18074.51953125,8282.7998046875
"2024-09-25",5722.259765625,41914.75,18082.2109375,8268.7001953125
"2024-09-26",5745.3701171875,42175.109375,18190.2890625,8284.900390625
"2024-09-27",5738.169921875,42313,18119.58984375,8320.7998046875
"2024-09-30",5762.47998046875,42330.1484375,18189.169921875,8237
"2024-10-01",5708.75,42156.96875,17910.359375,8276.7001953125
"2024-10-02",5709.5400390625,42196.51953125,17925.119140625,8290.900390625
"2024-10-03",5699.93994140625,42011.58984375,17918.48046875,8282.5
"2024-10-04",5751.06982421875,42352.75,18137.849609375,8280.599609375
"2024-10-07",5695.93994140625,41954.23828125,17923.900390625,8303.599609375
"2024-10-08",5751.1298828125,42080.37109375,18182.919921875,8190.60009765625
"2024-10-09",5792.0400390625,42512,18291.619140625,8243.7001953125
"2024-10-10",5780.0498046875,42454.12109375,18282.05078125,8237.7001953125
"2024-10-11",5815.02978515625,42863.859375,18342.939453125,8253.7001953125
"2024-10-14",5859.85009765625,43065.21875,18502.689453125,8292.7001953125
"2024-10-15",5815.259765625,42740.421875,18315.58984375,8249.2998046875
"2024-10-16",5842.47021484375,43077.69921875,18367.080078125,8329.099609375
"2024-10-17",5841.47021484375,43239.05078125,18373.609375,8385.099609375
"2024-10-18",5864.669921875,43275.91015625,18489.55078125,8358.2998046875
"2024-10-21",5853.97998046875,42931.6015625,18540.009765625,8318.2001953125
"2024-10-22",5851.2001953125,42924.890625,18579.76953125,8306.5
"2024-10-23",5797.419921875,42514.94921875,18276.650390625,8258.599609375
"2024-10-24",5809.85986328125,42374.359375,18415.490234375,8269.400390625
"2024-10-25",5808.1201171875,42114.3984375,18518.609375,8248.7998046875
"2024-10-28",5823.52001953125,42387.5703125,18567.189453125,8285.599609375
"2024-10-29",5832.919921875,42233.05078125,18712.75,8219.599609375
"2024-10-30",5813.669921875,42141.5390625,18607.9296875,8159.60009765625
"2024-10-31",5705.4501953125,41763.4609375,18095.150390625,8110.10009765625
"2024-11-01",5728.7998046875,42052.19140625,18239.919921875,8177.2001953125
"2024-11-04",5712.68994140625,41794.6015625,18179.98046875,8184.2001953125
"2024-11-05",5782.759765625,42221.87890625,18439.169921875,8172.39990234375
"2024-11-06",5929.0400390625,43729.9296875,18983.470703125,8166.7001953125
"2024-11-07",5973.10009765625,43729.33984375,19269.4609375,8140.7001953125
"2024-11-08",5995.5400390625,43988.98828125,19286.779296875,8072.39990234375
"2024-11-11",6001.35009765625,44293.12890625,19298.759765625,8125.2001953125
"2024-11-12",5983.990234375,43910.98046875,19281.400390625,8025.7998046875
"2024-11-13",5985.3798828125,43958.19140625,19230.720703125,8030.2998046875
"2024-11-14",5949.169921875,43750.859375,19107.650390625,8071.2001953125
"2024-11-15",5870.6201171875,43444.98828125,18680.119140625,8063.60009765625
"2024-11-18",5893.6201171875,43389.6015625,18791.810546875,8109.2998046875
"2024-11-19",5916.97998046875,43268.94140625,18987.470703125,8099
"2024-11-20",5917.10986328125,43408.46875,18966.140625,8085.10009765625
"2024-11-21",5948.7099609375,43870.3515625,18972.419921875,8149.2998046875
"2024-11-22",5969.33984375,44296.51171875,19003.650390625,8262.099609375
"2024-11-25",5987.3701171875,44736.5703125,19054.83984375,8291.7001953125
"2024-11-26",6021.6298828125,44860.30859375,19174.30078125,8258.599609375
"2024-11-27",5998.740234375,44722.05859375,19060.48046875,8274.7998046875
"2024-11-28",NA,NA,NA,8281.2001953125
"2024-11-29",6032.3798828125,44910.6484375,19218.169921875,8287.2998046875
"2024-12-02",6047.14990234375,44782,19403.94921875,8312.900390625
"2024-12-03",6049.8798828125,44705.53125,19480.91015625,8359.400390625
"2024-12-04",6086.490234375,45014.0390625,19735.119140625,8335.7998046875
"2024-12-05",6075.10986328125,44765.7109375,19700.259765625,8349.400390625
"2024-12-06",6090.27001953125,44642.51953125,19859.76953125,8308.599609375
"2024-12-09",6052.85009765625,44401.9296875,19736.689453125,8352.099609375
"2024-12-10",6034.91015625,44247.828125,19687.240234375,8280.400390625
"2024-12-11",6084.18994140625,44148.55859375,20034.890625,8301.599609375
"2024-12-12",6051.25,43914.12109375,19902.83984375,8311.7998046875
"2024-12-13",6051.08984375,43828.05859375,19926.720703125,8300.2998046875
"2024-12-16",6074.080078125,43717.48046875,20173.890625,8262.099609375
"2024-12-17",6050.60986328125,43449.8984375,20109.060546875,8195.2001953125
"2024-12-18",5872.16015625,42326.87109375,19392.689453125,8199.099609375
"2024-12-19",5867.080078125,42342.23828125,19372.76953125,8105.2998046875
"2024-12-20",5930.85009765625,42840.26171875,19572.599609375,8084.60009765625
"2024-12-23",5974.06982421875,42906.94921875,19764.880859375,8102.7001953125
"2024-12-24",6040.0400390625,43297.03125,20031.130859375,8137
"2024-12-26",6037.58984375,43325.80078125,20020.359375,NA
"2024-12-27",5970.83984375,42992.2109375,19722.029296875,8149.7998046875
"2024-12-30",5906.93994140625,42573.73046875,19486.7890625,8121
"2024-12-31",5881.6298828125,42544.21875,19310.7890625,8173
"2025-01-02",5868.5498046875,42392.26953125,19280.7890625,8260.099609375
"2025-01-03",5942.47021484375,42732.12890625,19621.6796875,8224
"2025-01-06",5975.3798828125,42706.55859375,19864.98046875,8249.7001953125
"2025-01-07",5909.02978515625,42528.359375,19489.6796875,8245.2998046875
"2025-01-08",5918.25,42635.19921875,19478.880859375,8251
"2025-01-09",NA,NA,NA,8319.7001953125
"2025-01-10",5827.0400390625,41938.44921875,19161.630859375,8248.5
"2025-01-13",5836.22021484375,42297.12109375,19088.099609375,8224.2001953125
"2025-01-14",5842.91015625,42518.28125,19044.390625,8201.5
"2025-01-15",5949.91015625,43221.55078125,19511.23046875,8301.099609375
"2025-01-16",5937.33984375,43153.12890625,19338.2890625,8391.900390625
"2025-01-17",5996.66015625,43487.828125,19630.19921875,8505.2001953125
"2025-01-20",NA,NA,NA,8520.5
"2025-01-21",6049.240234375,44025.80859375,19756.779296875,8548.2998046875
"2025-01-22",6086.3701171875,44156.73046875,20009.33984375,8545.099609375
"2025-01-23",6118.7099609375,44565.0703125,20053.6796875,8565.2001953125
"2025-01-24",6101.240234375,44424.25,19954.30078125,8502.400390625
"2025-01-27",6012.27978515625,44713.578125,19341.830078125,8503.7001953125
"2025-01-28",6067.7001953125,44850.3515625,19733.58984375,8533.900390625
"2025-01-29",6039.31005859375,44713.51953125,19632.3203125,8557.7998046875
"2025-01-30",6071.169921875,44882.12890625,19681.75,8646.900390625
"2025-01-31",6040.52978515625,44544.66015625,19627.439453125,8674
"2025-02-03",5994.56982421875,44421.91015625,19391.9609375,8583.599609375
"2025-02-04",6037.8798828125,44556.0390625,19654.01953125,8570.7998046875
"2025-02-05",6061.47998046875,44873.28125,19692.330078125,8623.2998046875
"2025-02-06",6083.56982421875,44747.62890625,19791.990234375,8727.2998046875
"2025-02-07",6025.990234375,44303.3984375,19523.400390625,8700.5
"2025-02-10",6066.43994140625,44470.41015625,19714.26953125,8767.7998046875
"2025-02-11",6068.5,44593.6484375,19643.859375,8777.400390625
"2025-02-12",6051.97021484375,44368.55859375,19649.94921875,8807.400390625
"2025-02-13",6115.06982421875,44711.4296875,19945.640625,8764.7001953125
"2025-02-14",6114.6298828125,44546.078125,20026.76953125,8732.5
"2025-02-17",NA,NA,NA,8768
"2025-02-18",6129.580078125,44556.33984375,20041.259765625,8766.7001953125
"2025-02-19",6144.14990234375,44627.58984375,20056.25,8712.5
"2025-02-20",6117.52001953125,44176.6484375,19962.359375,8663
"2025-02-21",6013.1298828125,43428.01953125,19524.009765625,8659.400390625
"2025-02-24",5983.25,43461.2109375,19286.9296875,8659
"2025-02-25",5955.25,43621.16015625,19026.390625,8668.7001953125
"2025-02-26",5956.06005859375,43433.12109375,19075.259765625,8731.5
"2025-02-27",5861.56982421875,43239.5,18544.419921875,8756.2001953125
"2025-02-28",5954.5,43840.91015625,18847.279296875,8809.7001953125
"2025-03-03",5849.72021484375,43191.23828125,18350.189453125,8871.2998046875
"2025-03-04",5778.14990234375,42520.98828125,18285.16015625,8759
"2025-03-05",5842.6298828125,43006.58984375,18552.73046875,8755.7998046875
"2025-03-06",5738.52001953125,42579.078125,18069.259765625,8682.7998046875
"2025-03-07",5770.2001953125,42801.71875,18196.220703125,8679.900390625
"2025-03-10",5614.56005859375,41911.7109375,17468.3203125,8600.2001953125
"2025-03-11",5572.06982421875,41433.48046875,17436.099609375,8496
"2025-03-12",5599.2998046875,41350.9296875,17648.44921875,8541
"2025-03-13",5521.52001953125,40813.5703125,17303.009765625,8542.599609375
"2025-03-14",5638.93994140625,41488.19140625,17754.08984375,8632.2998046875
"2025-03-17",5675.1201171875,41841.62890625,17808.66015625,8680.2998046875
"2025-03-18",5614.66015625,41581.30859375,17504.119140625,8705.2001953125
"2025-03-19",5675.2900390625,41964.62890625,17750.7890625,8706.7001953125
"2025-03-20",5662.89013671875,41953.3203125,17691.630859375,8702
"2025-03-21",5667.56005859375,41985.3515625,17784.05078125,8646.7998046875
"2025-03-24",5767.56982421875,42583.3203125,18188.58984375,8638
"2025-03-25",5776.64990234375,42587.5,18271.859375,8663.7998046875
"2025-03-26",5712.2001953125,42454.7890625,17899.01953125,8689.599609375
"2025-03-27",5693.31005859375,42299.69921875,17804.029296875,8666.099609375
"2025-03-28",5580.93994140625,41583.8984375,17322.990234375,8658.900390625
"2025-03-31",5611.85009765625,42001.76171875,17299.2890625,8582.7998046875
"2025-04-01",5633.06982421875,41989.9609375,17449.890625,8634.7998046875
"2025-04-02",5670.97021484375,42225.3203125,17601.05078125,8608.5
"2025-04-03",5396.52001953125,40545.9296875,16550.609375,8474.7001953125
"2025-04-04",5074.080078125,38314.859375,15587.7900390625,8055
"2025-04-07",5062.25,37965.6015625,15603.259765625,7702.10009765625
"2025-04-08",4982.77001953125,37645.58984375,15267.91015625,7910.5
"2025-04-09",5456.89990234375,40608.44921875,17124.970703125,7679.5
"2025-04-10",5268.0498046875,39593.66015625,16387.310546875,7913.2998046875
"2025-04-11",5363.35986328125,40212.7109375,16724.4609375,7964.2001953125
"2025-04-14",5405.97021484375,40524.7890625,16831.48046875,8134.2998046875
"2025-04-15",5396.6298828125,40368.9609375,16823.169921875,8249.099609375
"2025-04-16",5275.7001953125,39669.390625,16307.16015625,8275.599609375
"2025-04-17",5282.7001953125,39142.23046875,16286.4501953125,8275.7001953125
"2025-04-21",5158.2001953125,38170.41015625,15870.900390625,NA
"2025-04-22",5287.759765625,39186.98046875,16300.419921875,8328.599609375
"2025-04-23",5375.85986328125,39606.5703125,16708.05078125,8403.2001953125
"2025-04-24",5484.77001953125,40093.3984375,17166.0390625,8407.400390625
"2025-04-25",5525.2099609375,40113.5,17382.939453125,8415.2998046875
"2025-04-28",5528.75,40227.58984375,17366.130859375,8417.2998046875
"2025-04-29",5560.830078125,40527.62109375,17461.3203125,8463.5
"2025-04-30",5569.06005859375,40669.359375,17446.33984375,8494.900390625
"2025-05-01",5604.14013671875,40752.9609375,17710.740234375,8496.7998046875
"2025-05-02",5686.669921875,41317.4296875,17977.73046875,8596.400390625
"2025-05-05",5650.3798828125,41218.828125,17844.240234375,NA
"2025-05-06",5606.91015625,40829,17689.66015625,8597.400390625
"2025-05-07",5631.27978515625,41113.96875,17738.16015625,8559.2998046875
"2025-05-08",5663.93994140625,41368.44921875,17928.140625,8531.599609375
"2025-05-09",5659.91015625,41249.37890625,17928.919921875,8554.7998046875
"2025-05-12",5844.18994140625,42410.1015625,18708.33984375,8605
"2025-05-13",5886.5498046875,42140.4296875,19010.08984375,8602.900390625
"2025-05-14",5892.580078125,42051.05859375,19146.810546875,8585
"2025-05-15",5916.93017578125,42322.75,19112.3203125,8633.7998046875
"2025-05-16",5958.3798828125,42654.73828125,19211.099609375,8684.599609375
"2025-05-19",5963.60009765625,42792.0703125,19215.4609375,8699.2998046875
"2025-05-20",5940.4599609375,42677.23828125,19142.7109375,8781.099609375
"2025-05-21",5844.60986328125,41860.44140625,18872.640625,8786.5
"2025-05-22",5842.009765625,41859.08984375,18925.740234375,8739.2998046875
"2025-05-23",5802.81982421875,41603.0703125,18737.2109375,8718
"2025-05-27",5921.5400390625,42343.6484375,19199.16015625,8778.099609375
"2025-05-28",5888.5498046875,42098.69921875,19100.939453125,8726
"2025-05-29",5912.169921875,42215.73046875,19175.869140625,8716.5
"2025-05-30",5911.68994140625,42270.0703125,19113.76953125,8772.400390625
"2025-06-02",5935.93994140625,42305.48046875,19242.609375,8774.2998046875
"2025-06-03",5970.3701171875,42519.640625,19398.9609375,8787
"2025-06-04",5970.81005859375,42427.73828125,19460.490234375,8801.2998046875
"2025-06-05",5939.2998046875,42319.73828125,19298.44921875,8811
"2025-06-06",6000.35986328125,42762.87109375,19529.94921875,8837.900390625
"2025-06-09",6005.8798828125,42761.76171875,19591.240234375,8832.2998046875
"2025-06-10",6038.81005859375,42866.87109375,19714.990234375,8853.099609375
"2025-06-11",6022.240234375,42865.76953125,19615.880859375,8864.400390625
"2025-06-12",6045.259765625,42967.62109375,19662.490234375,8884.900390625
"2025-06-13",5976.97021484375,42197.7890625,19406.830078125,8850.599609375
"2025-06-16",6033.10986328125,42515.08984375,19701.2109375,8875.2001953125
"2025-06-17",5982.72021484375,42215.80078125,19521.08984375,8834
"2025-06-18",5980.8701171875,42171.66015625,19546.26953125,8843.5
"2025-06-19",NA,NA,NA,8791.7998046875
"2025-06-20",5967.83984375,42206.8203125,19447.41015625,8774.7001953125
"2025-06-23",6025.169921875,42581.78125,19630.970703125,8758
"2025-06-24",6092.18017578125,43089.01953125,19912.529296875,8759
"2025-06-25",6092.16015625,42982.4296875,19973.55078125,8718.7998046875
"2025-06-26",6141.02001953125,43386.83984375,20167.91015625,8735.599609375
"2025-06-27",6173.06982421875,43819.26953125,20273.4609375,8798.900390625
"2025-06-30",6204.9501953125,44094.76953125,20369.73046875,8761
"2025-07-01",6198.009765625,44494.94140625,20202.890625,8785.2998046875
"2025-07-02",6227.419921875,44484.421875,20393.130859375,8774.7001953125
"2025-07-03",6279.35009765625,44828.53125,20601.099609375,8823.2001953125
"2025-07-04",NA,NA,NA,8822.900390625
"2025-07-07",6229.97998046875,44406.359375,20412.51953125,8806.5
"2025-07-08",6225.52001953125,44240.76171875,20418.4609375,8854.2001953125
"2025-07-09",6263.259765625,44458.30078125,20611.33984375,8867
"2025-07-10",6280.4599609375,44650.640625,20630.66015625,8975.7001953125
"2025-07-11",6259.75,44371.51171875,20585.529296875,8941.099609375
"2025-07-14",6268.56005859375,44459.6484375,20640.330078125,8998.099609375
"2025-07-15",6243.759765625,44023.2890625,20677.80078125,8938.2998046875
"2025-07-16",6263.7001953125,44254.78125,20730.490234375,8926.599609375
"2025-07-17",6297.35986328125,44484.48828125,20885.650390625,8972.599609375
"2025-07-18",6296.7900390625,44342.19140625,20895.650390625,8992.099609375
"2025-07-21",6305.60009765625,44323.0703125,20974.1796875,9013
"2025-07-22",6309.6201171875,44502.44140625,20892.689453125,9023.7998046875
"2025-07-23",6358.91015625,45010.2890625,21020.01953125,9061.5
"2025-07-24",6363.35009765625,44693.91015625,21057.9609375,9138.400390625
"2025-07-25",6388.64013671875,44901.921875,21108.3203125,9120.2998046875
"2025-07-28",6389.77001953125,44837.55859375,21178.580078125,9081.400390625
"2025-07-29",6370.85986328125,44632.98828125,21098.2890625,9136.2998046875
"2025-07-30",6362.89990234375,44461.28125,21129.669921875,9136.900390625
"2025-07-31",6339.39013671875,44130.98046875,21122.44921875,9132.7998046875
"2025-08-01",6238.009765625,43588.578125,20650.130859375,9068.599609375
"2025-08-04",6329.93994140625,44173.640625,21053.580078125,9128.2998046875
"2025-08-05",6299.18994140625,44111.73828125,20916.55078125,9142.7001953125
"2025-08-06",6345.06005859375,44193.12109375,21169.419921875,9164.2998046875
"2025-08-07",6340,43968.640625,21242.69921875,9100.7998046875
"2025-08-08",6389.4501953125,44175.609375,21450.01953125,9095.7001953125
"2025-08-11",6373.4501953125,43975.08984375,21385.400390625,9129.7001953125
"2025-08-12",6445.759765625,44458.609375,21681.900390625,9147.7998046875
"2025-08-13",6466.580078125,44922.26953125,21713.140625,9165.2001953125
"2025-08-14",6468.5400390625,44911.26171875,21710.669921875,9177.2001953125
"2025-08-15",6449.7998046875,44946.12109375,21622.98046875,9138.900390625
"2025-08-18",6449.14990234375,44911.8203125,21629.76953125,9157.7001953125
"2025-08-19",6411.3701171875,44922.26953125,21314.94921875,9189.2001953125
"2025-08-20",6395.77978515625,44938.30859375,21172.859375,9288.099609375
"2025-08-21",6370.169921875,44785.5,21100.310546875,9309.2001953125
"2025-08-22",6466.91015625,45631.73828125,21496.5390625,9321.400390625
"2025-08-25",6439.31982421875,45282.46875,21449.2890625,NA
"2025-08-26",6465.93994140625,45418.0703125,21544.26953125,9265.7998046875
"2025-08-27",6481.39990234375,45565.23046875,21590.140625,9255.5
"2025-08-28",6501.85986328125,45636.8984375,21705.16015625,9216.7998046875
"2025-08-29",6460.259765625,45544.87890625,21455.55078125,9187.2998046875
"2025-09-01",NA,NA,NA,9196.2998046875
"2025-09-02",6415.5400390625,45295.80859375,21279.630859375,9116.7001953125
"2025-09-03",6448.259765625,45271.23046875,21497.73046875,9178
"2025-09-04",6502.080078125,45621.2890625,21707.689453125,9216.900390625
"2025-09-05",6481.5,45400.859375,21700.390625,9208.2001953125
"2025-09-08",6495.14990234375,45514.94921875,21798.69921875,9221.400390625
"2025-09-09",6512.60986328125,45711.33984375,21879.490234375,9242.5
"2025-09-10",6532.0400390625,45490.921875,21886.060546875,9225.400390625
"2025-09-11",6587.47021484375,46108,22043.0703125,9297.599609375
"2025-09-12",6584.2900390625,45834.21875,22141.099609375,9283.2998046875
"2025-09-15",6615.27978515625,45883.44921875,22348.75,9277
"2025-09-16",6606.759765625,45757.8984375,22333.9609375,9195.7001953125
"2025-09-17",6600.35009765625,46018.3203125,22261.330078125,9208.400390625
"2025-09-18",6631.9599609375,46142.421875,22470.720703125,9228.099609375
"2025-09-19",6664.35986328125,46315.26953125,22631.48046875,9216.7001953125
"2025-09-22",6693.75,46381.5390625,22788.98046875,9226.7001953125
"2025-09-23",6656.919921875,46292.78125,22573.470703125,9223.2998046875
"2025-09-24",6637.97021484375,46121.28125,22497.859375,9250.400390625
"2025-09-25",6604.72021484375,45947.3203125,22384.69921875,9214
"2025-09-26",6643.7001953125,46247.2890625,22484.0703125,9284.7998046875
"2025-09-29",6661.2099609375,46316.0703125,22591.150390625,9299.7998046875
"2025-09-30",6688.4599609375,46397.890625,22660.009765625,9350.400390625
"2025-10-01",6711.2001953125,46441.1015625,22755.16015625,9446.400390625
"2025-10-02",6715.35009765625,46519.71875,22844.05078125,9427.7001953125
"2025-10-03",6715.7900390625,46758.28125,22780.509765625,9491.2998046875
"2025-10-06",6740.27978515625,46694.96875,22941.669921875,9479.099609375
"2025-10-07",6714.58984375,46602.98046875,22788.359375,9483.599609375
"2025-10-08",6753.72021484375,46601.78125,23043.380859375,9548.900390625
"2025-10-09",6735.10986328125,46358.421875,23024.630859375,9509.400390625
"2025-10-10",6552.509765625,45479.6015625,22204.4296875,9427.5
"2025-10-13",6654.72021484375,46067.578125,22694.609375,9442.900390625
"2025-10-14",6644.31005859375,46270.4609375,22521.69921875,9452.7998046875
"2025-10-15",6671.06005859375,46253.30859375,22670.080078125,9424.7998046875
"2025-10-16",6629.06982421875,45952.23828125,22562.5390625,9436.099609375
"2025-10-17",6664.009765625,46190.609375,22679.970703125,9354.599609375
"2025-10-20",6735.1298828125,46706.578125,22990.5390625,9403.599609375
"2025-10-21",6735.35009765625,46924.73828125,22953.669921875,9427
"2025-10-22",6699.39990234375,46590.41015625,22740.400390625,9515
"2025-10-23",6738.43994140625,46734.609375,22941.80078125,9578.599609375
"2025-10-24",6791.68994140625,47207.12109375,23204.869140625,9645.599609375
"2025-10-27",6875.16015625,47544.58984375,23637.4609375,9653.7998046875
"2025-10-28",6890.89013671875,47706.37109375,23827.490234375,9696.7001953125
"2025-10-29",6890.58984375,47632,23958.470703125,9756.099609375
"2025-10-30",6822.33984375,47522.12109375,23581.140625,9760.099609375
"2025-10-31",6840.2001953125,47562.87109375,23724.9609375,9717.2998046875
"2025-11-03",6851.97021484375,47336.6796875,23834.720703125,9701.400390625
"2025-11-04",6771.5498046875,47085.23828125,23348.640625,9715
"2025-11-05",6796.2900390625,47311,23499.80078125,9777.099609375
"2025-11-06",6720.31982421875,46912.30078125,23053.990234375,9735.7998046875
"2025-11-07",6728.7998046875,46987.1015625,23004.5390625,9682.599609375
"2025-11-10",6832.43017578125,47368.62890625,23527.169921875,9787.2001953125
"2025-11-11",6846.60986328125,47927.9609375,23468.30078125,9899.599609375
"2025-11-12",6850.919921875,48254.8203125,23406.4609375,9911.400390625
"2025-11-13",6737.490234375,47457.21875,22870.359375,9807.7001953125
"2025-11-14",6734.10986328125,47147.48046875,22900.58984375,9698.400390625
"2025-11-17",6672.41015625,46590.23828125,22708.0703125,9675.400390625
"2025-11-18",6617.31982421875,46091.73828125,22432.849609375,9552.2998046875
"2025-11-19",6642.16015625,46138.76953125,22564.23046875,9507.400390625
"2025-11-20",6538.759765625,45752.26171875,22078.05078125,9527.7001953125
"2025-11-21",6602.990234375,46245.41015625,22273.080078125,9539.7001953125
"2025-11-24",6705.1201171875,46448.26953125,22872.009765625,9534.900390625
"2025-11-25",6765.8798828125,47112.44921875,23025.58984375,9609.5
"2025-11-26",6812.60986328125,47427.12109375,23214.689453125,9691.599609375
"2025-11-27",NA,NA,NA,9693.900390625
"2025-11-28",6849.08984375,47716.421875,23365.689453125,9720.5
"2025-12-01",6812.6298828125,47289.328125,23275.919921875,9702.5
"2025-12-02",6829.3701171875,47474.4609375,23413.669921875,9701.7998046875
"2025-12-03",6849.72021484375,47882.8984375,23454.08984375,9692.099609375
"2025-12-04",6857.1201171875,47850.94140625,23505.140625,9710.900390625
"2025-12-05",6870.39990234375,47954.98828125,23578.130859375,9667
"2025-12-08",6846.509765625,47739.3203125,23545.900390625,9645.099609375
"2025-12-09",6840.509765625,47560.2890625,23576.490234375,9642
"2025-12-10",6886.68017578125,48057.75,23654.150390625,9655.5
"2025-12-11",6901,48704.01171875,23593.859375,9703.2001953125
"2025-12-12",6827.41015625,48458.05078125,23195.169921875,9649
"2025-12-15",6816.509765625,48416.55859375,23057.41015625,9751.2998046875
"2025-12-16",6800.259765625,48114.26171875,23111.4609375,9684.7998046875
"2025-12-17",6721.43017578125,47885.96875,22693.3203125,9774.2998046875
"2025-12-18",6774.759765625,47951.8515625,23006.359375,9837.7998046875
"2025-12-19",6834.5,48134.890625,23307.619140625,9897.400390625
"2025-12-22",6878.490234375,48362.6796875,23428.830078125,9866
"2025-12-23",6909.7900390625,48442.41015625,23561.83984375,9889.2001953125
"2025-12-24",6932.0498046875,48731.16015625,23613.310546875,9870.7001953125
"2025-12-26",6929.93994140625,48710.96875,23593.099609375,NA
"2025-12-29",6905.740234375,48461.9296875,23474.349609375,9866.5
"2025-12-30",6896.240234375,48367.05859375,23419.080078125,9940.7001953125
"2025-12-31",6845.5,48063.2890625,23241.990234375,9931.400390625
"2026-01-02",6858.47021484375,48382.390625,23235.630859375,9951.099609375
"2026-01-05",6902.0498046875,48977.1796875,23395.8203125,10004.599609375
"2026-01-06",6944.81982421875,49462.078125,23547.169921875,10122.7001953125
"2026-01-07",6920.93017578125,48996.078125,23584.279296875,10048.2001953125
"2026-01-08",6921.4599609375,49266.109375,23480.01953125,10044.7001953125
"2026-01-09",6966.27978515625,49504.0703125,23671.349609375,10124.599609375
"2026-01-12",6977.27001953125,49590.19921875,23733.900390625,10140.7001953125
"2026-01-13",6963.740234375,49191.98828125,23709.869140625,10137.400390625
"2026-01-14",6926.60009765625,49149.62890625,23471.75,10184.400390625
"2026-01-15",6944.47021484375,49442.44140625,23530.01953125,10238.900390625
"2026-01-16",6940.009765625,49359.328125,23515.390625,10235.2998046875
"2026-01-19",NA,NA,NA,10195.400390625
"2026-01-20",6796.85986328125,48488.58984375,22954.3203125,10126.7998046875
"2026-01-21",6875.6201171875,49077.23046875,23224.8203125,10138.099609375
"2026-01-22",6913.35009765625,49384.01171875,23436.01953125,10150.099609375
"2026-01-23",6915.60986328125,49098.7109375,23501.240234375,10143.400390625
"2026-01-26",6950.22998046875,49412.3984375,23601.359375,10148.900390625
"2026-01-27",6978.60009765625,49003.41015625,23817.099609375,10207.7998046875
"2026-01-28",6978.02978515625,49015.6015625,23857.44921875,10154.400390625
"2026-01-29",6969.009765625,49071.55859375,23685.119140625,10171.7998046875
"2026-01-30",6939.02978515625,48892.46875,23461.8203125,10223.5
"2026-02-02",6976.43994140625,49407.66015625,23592.109375,10341.599609375
"2026-02-03",6917.81005859375,49240.98828125,23255.189453125,10314.599609375
"2026-02-04",6882.72021484375,49501.30078125,22904.580078125,10402.2998046875
"2026-02-05",6798.39990234375,48908.71875,22540.58984375,10309.2001953125
"2026-02-06",6932.2998046875,50115.671875,23031.2109375,10369.7998046875
"2026-02-09",6964.81982421875,50135.87109375,23238.669921875,10386.2001953125
"2026-02-10",6941.81005859375,50188.140625,23102.470703125,10353.7998046875
"2026-02-11",6941.47021484375,50121.3984375,23066.470703125,10472.099609375
"2026-02-12",6832.759765625,49451.98046875,22597.150390625,10402.400390625
"2026-02-13",6836.169921875,49500.9296875,22546.669921875,10446.400390625
"2026-02-16",NA,NA,NA,10473.7001953125
"2026-02-17",6843.22021484375,49533.19140625,22578.380859375,10556.2001953125
"2026-02-18",6881.31005859375,49662.66015625,22753.630859375,10686.2001953125
"2026-02-19",6861.89013671875,49395.16015625,22682.73046875,10627
"2026-02-20",6909.509765625,49625.96875,22886.0703125,10686.900390625
"2026-02-23",6837.75,48804.05859375,22627.26953125,10684.7001953125
"2026-02-24",6890.06982421875,49174.5,22863.6796875,10680.599609375
"2026-02-25",6946.1298828125,49482.1484375,23152.080078125,10806.400390625
"2026-02-26",6908.85986328125,49499.19921875,22878.380859375,10846.7001953125
"2026-02-27",6878.8798828125,48977.921875,22668.2109375,10910.599609375
"2026-03-02",6881.6201171875,48904.78125,22748.859375,10780.099609375
"2026-03-03",6816.6298828125,48501.26953125,22516.689453125,10484.099609375
"2026-03-04",6869.5,48739.41015625,22807.48046875,10567.7001953125
"2026-03-05",6830.7099609375,47954.73828125,22748.990234375,10413.900390625
"2026-03-06",6740.02001953125,47501.55078125,22387.6796875,10284.7998046875
"2026-03-09",6795.990234375,47740.80078125,22695.94921875,10249.5
"2026-03-10",6781.47998046875,47706.51171875,22697.099609375,10412.2001953125
"2026-03-11",6775.7998046875,47417.26953125,22716.130859375,10353.7998046875
