"","window1_start","window1_end","window2_start","window2_end","dim0","dim1","dim2"
"1",1928-01-01,1929-06-01,1928-02-01,1929-07-01,0.00396084358760945,0,0
"2",1928-02-01,1929-07-01,1928-03-01,1929-08-01,0.0758296650215871,0,0
"3",1928-03-01,1929-08-01,1928-04-01,1929-09-01,0.0474823172653262,0.0193579807531636,0
"4",1928-04-01,1929-09-01,1928-05-01,1929-10-01,0.841307731688581,0.0194375596515455,0
"5",1928-05-01,1929-10-01,1928-06-01,1929-11-01,5.66367968208198,0.00374766511202059,0
"6",1928-06-01,1929-11-01,1928-07-01,1929-12-01,1.25202342556956,0,0
"7",1928-07-01,1929-12-01,1928-08-01,1930-01-01,0.042092204389214,0,0
"8",1928-08-01,1930-01-01,1928-09-01,1930-02-01,0.0183806186254995,0.0067121248313241,0
"9",1928-09-01,1930-02-01,1928-10-01,1930-03-01,0.263769895065421,0,0
"10",1928-10-01,1930-03-01,1928-11-01,1930-04-01,0.00617706982443684,0.00641775703113531,0
"11",1928-11-01,1930-04-01,1928-12-01,1930-05-01,1.44395749656516,0.250069019175249,0
"12",1928-12-01,1930-05-01,1929-01-01,1930-06-01,0.0605996812041141,0,0
"13",1929-01-01,1930-06-01,1929-02-01,1930-07-01,0.351857523913799,0.285742790337358,0
"14",1929-02-01,1930-07-01,1929-03-01,1930-08-01,0.383192653766808,0.0366155943263188,0
"15",1929-03-01,1930-08-01,1929-04-01,1930-09-01,0.101337856988804,0,0
"16",1929-04-01,1930-09-01,1929-05-01,1930-10-01,0.920523824828471,0,0
"17",1929-05-01,1930-10-01,1929-06-01,1930-11-01,0.0753434638513295,0,0
"18",1929-06-01,1930-11-01,1929-07-01,1930-12-01,0.0190572683377282,0,0
"19",1929-07-01,1930-12-01,1929-08-01,1931-01-01,5.51646999003548,0,0
"20",1929-08-01,1931-01-01,1929-09-01,1931-02-01,0.0473085717927393,0,0
"21",1929-09-01,1931-02-01,1929-10-01,1931-03-01,0.202383832556097,0,0
"22",1929-10-01,1931-03-01,1929-11-01,1931-04-01,0.121995459269093,0,0
"23",1929-11-01,1931-04-01,1929-12-01,1931-05-01,3.78617002502244,0,0
"24",1929-12-01,1931-05-01,1930-01-01,1931-06-01,0.302026740141202,0.250872803988961,0
"25",1930-01-01,1931-06-01,1930-02-01,1931-07-01,0.160144883896014,0,0
"26",1930-02-01,1931-07-01,1930-03-01,1931-08-01,0.106340263219629,0,0
"27",1930-03-01,1931-08-01,1930-04-01,1931-09-01,0.108238587641163,0,0
"28",1930-04-01,1931-09-01,1930-05-01,1931-10-01,0.0913978547379554,0,0
"29",1930-05-01,1931-10-01,1930-06-01,1931-11-01,0.0256627451040788,0,0
"30",1930-06-01,1931-11-01,1930-07-01,1931-12-01,0.520131571053883,0,0
"31",1930-07-01,1931-12-01,1930-08-01,1932-01-01,6.65322130556827,0,0
"32",1930-08-01,1932-01-01,1930-09-01,1932-02-01,0.00960091572786059,0,0
"33",1930-09-01,1932-02-01,1930-10-01,1932-03-01,0.0208621057160551,0,0
"34",1930-10-01,1932-03-01,1930-11-01,1932-04-01,2.14562409487219,0,0
"35",1930-11-01,1932-04-01,1930-12-01,1932-05-01,0.203904790637046,0,0
"36",1930-12-01,1932-05-01,1931-01-01,1932-06-01,0.209325891031278,0,0
"37",1931-01-01,1932-06-01,1931-02-01,1932-07-01,5.8566617164109,0,0
"38",1931-02-01,1932-07-01,1931-03-01,1932-08-01,19.0587388913378,0,0
"39",1931-03-01,1932-08-01,1931-04-01,1932-09-01,4.42344732863823,0,0
"40",1931-04-01,1932-09-01,1931-05-01,1932-10-01,0.698254904275165,0,0
"41",1931-05-01,1932-10-01,1931-06-01,1932-11-01,0.395845809308123,0.256660558206435,0
"42",1931-06-01,1932-11-01,1931-07-01,1932-12-01,0.0175734419643551,0,0
"43",1931-07-01,1932-12-01,1931-08-01,1933-01-01,0.915683760153736,0,0
"44",1931-08-01,1933-01-01,1931-09-01,1933-02-01,0.315865755693223,0.0117073537479093,0
"45",1931-09-01,1933-02-01,1931-10-01,1933-03-01,0.558549846806409,0,0
"46",1931-10-01,1933-03-01,1931-11-01,1933-04-01,0.0664386671572707,0,0
"47",1931-11-01,1933-04-01,1931-12-01,1933-05-01,3.77357698684269,0,0
"48",1931-12-01,1933-05-01,1932-01-01,1933-06-01,1.18962358317964,0.00462687388105916,0
"49",1932-01-01,1933-06-01,1932-02-01,1933-07-01,2.19173424507549,0,0
"50",1932-02-01,1933-07-01,1932-03-01,1933-08-01,0.869220391847698,0.00474593883856569,0
"51",1932-03-01,1933-08-01,1932-04-01,1933-09-01,0.255213287295359,0.0100999074812793,0
"52",1932-04-01,1933-09-01,1932-05-01,1933-10-01,1.82995000877841,0,0
"53",1932-05-01,1933-10-01,1932-06-01,1933-11-01,0.0529256377478632,0.0686226275891959,0
"54",1932-06-01,1933-11-01,1932-07-01,1933-12-01,0.543481703906511,0.0253978909801277,0
"55",1932-07-01,1933-12-01,1932-08-01,1934-01-01,0.573798259552442,0.287450846305939,0
"56",1932-08-01,1934-01-01,1932-09-01,1934-02-01,11.9540548626412,0.250119698226742,0
"57",1932-09-01,1934-02-01,1932-10-01,1934-03-01,0.789031780217466,1.68495120208547e-05,0
"58",1932-10-01,1934-03-01,1932-11-01,1934-04-01,0.510003249545813,1.68495120208547e-05,0
"59",1932-11-01,1934-04-01,1932-12-01,1934-05-01,0.312362601919054,0.0110721249831028,0
"60",1932-12-01,1934-05-01,1933-01-01,1934-06-01,0.182876576036618,0.0151129137792199,0
"61",1933-01-01,1934-06-01,1933-02-01,1934-07-01,1.50036163004291,0.000119698226741825,0
"62",1933-02-01,1934-07-01,1933-03-01,1934-08-01,0.233649999128262,0.0151129137792199,0
"63",1933-03-01,1934-08-01,1933-04-01,1934-09-01,0.11798479740439,0,0
"64",1933-04-01,1934-09-01,1933-05-01,1934-10-01,0.0539759323514233,0.135889689554817,0
"65",1933-05-01,1934-10-01,1933-06-01,1934-11-01,0.465131343018992,0,0
"66",1933-06-01,1934-11-01,1933-07-01,1934-12-01,2.10830942130412,0,0
"67",1933-07-01,1934-12-01,1933-08-01,1935-01-01,0.242608383910514,0,0
"68",1933-08-01,1935-01-01,1933-09-01,1935-02-01,0.156318959599883,0.125201004768776,0
"69",1933-09-01,1935-02-01,1933-10-01,1935-03-01,0.128686527428056,0.00281008441174112,0
"70",1933-10-01,1935-03-01,1933-11-01,1935-04-01,0.0295951176463202,0.00105683160384268,0
"71",1933-11-01,1935-04-01,1933-12-01,1935-05-01,0.0396152480311176,0.010696540496557,0
"72",1933-12-01,1935-05-01,1934-01-01,1935-06-01,0.108659463508866,0.0058360564087278,0
"73",1934-01-01,1935-06-01,1934-02-01,1935-07-01,13.9808677621488,0.0205741542724068,0
"74",1934-02-01,1935-07-01,1934-03-01,1935-08-01,0.0364146941227863,0.0158118834737318,0
"75",1934-03-01,1935-08-01,1934-04-01,1935-09-01,0.191034807784337,0.0158118834737318,0
"76",1934-04-01,1935-09-01,1934-05-01,1935-10-01,0.144608423152794,0.0417274996395246,0
"77",1934-05-01,1935-10-01,1934-06-01,1935-11-01,0.0887267480870762,0.00311978296988721,0
"78",1934-06-01,1935-11-01,1934-07-01,1935-12-01,0.275865297407856,0.0352456258241814,0
"79",1934-07-01,1935-12-01,1934-08-01,1936-01-01,0.0623435642290906,0.000237950421480264,0
"80",1934-08-01,1936-01-01,1934-09-01,1936-02-01,0.0319850604692404,0.000617640214579035,0
"81",1934-09-01,1936-02-01,1934-10-01,1936-03-01,1.67954253189233,0,0
"82",1934-10-01,1936-03-01,1934-11-01,1936-04-01,0.342333796513785,0,0
"83",1934-11-01,1936-04-01,1934-12-01,1936-05-01,0.0682780341755364,0,0
"84",1934-12-01,1936-05-01,1935-01-01,1936-06-01,0.0338559115012432,0.00321737360291538,0
"85",1935-01-01,1936-06-01,1935-02-01,1936-07-01,0.0985879159460238,9.75906330281613e-05,0
"86",1935-02-01,1936-07-01,1935-03-01,1936-08-01,0.180595264157605,0,0
"87",1935-03-01,1936-08-01,1935-04-01,1936-09-01,0.211613557794284,0.00105589735587707,0
"88",1935-04-01,1936-09-01,1935-05-01,1936-10-01,0.00929485369641248,0.000688319890478085,0
"89",1935-05-01,1936-10-01,1935-06-01,1936-11-01,0.0416260330437482,0,0
"90",1935-06-01,1936-11-01,1935-07-01,1936-12-01,0.173078598167613,0.000450369468997821,0
"91",1935-07-01,1936-12-01,1935-08-01,1937-01-01,0.00367803695997113,0,0
"92",1935-08-01,1937-01-01,1935-09-01,1937-02-01,0.116143865444793,0,0
"93",1935-09-01,1937-02-01,1935-10-01,1937-03-01,0.0791806397727568,0.00208941490211244,0
"94",1935-10-01,1937-03-01,1935-11-01,1937-04-01,0.111911274622992,0.000225435920783498,0
"95",1935-11-01,1937-04-01,1935-12-01,1937-05-01,0.092293013890812,0.0022450759483848,0
"96",1935-12-01,1937-05-01,1936-01-01,1937-06-01,0.1030180797497,0.0076463332570052,0
"97",1936-01-01,1937-06-01,1936-02-01,1937-07-01,0.123401041177925,0,0
"98",1936-02-01,1937-07-01,1936-03-01,1937-08-01,0.194316650967512,0.0313674585255175,0
"99",1936-03-01,1937-08-01,1936-04-01,1937-09-01,1.6272224312093,0,0
"100",1936-04-01,1937-09-01,1936-05-01,1937-10-01,0.516662671744934,0,0
"101",1936-05-01,1937-10-01,1936-06-01,1937-11-01,1.24025552843418,0.0259662012168971,0
"102",1936-06-01,1937-11-01,1936-07-01,1937-12-01,0.531530291439167,0.0015086331488102,0
"103",1936-07-01,1937-12-01,1936-08-01,1938-01-01,0.0634104148974213,0.0537252876431608,0
"104",1936-08-01,1938-01-01,1936-09-01,1938-02-01,0.088200207918357,7.69974159304555e-06,0
"105",1936-09-01,1938-02-01,1936-10-01,1938-03-01,0.0635937624427218,0.00446168258044806,0
"106",1936-10-01,1938-03-01,1936-11-01,1938-04-01,0.0360823069636239,0.0567760411495724,0
"107",1936-11-01,1938-04-01,1936-12-01,1938-05-01,0.035412321664855,0.020627489644233,0
"108",1936-12-01,1938-05-01,1937-01-01,1938-06-01,0.0376982717620429,0,0
"109",1937-01-01,1938-06-01,1937-02-01,1938-07-01,2.72128961399465,0,0
"110",1937-02-01,1938-07-01,1937-03-01,1938-08-01,0.590974738243758,0,0
"111",1937-03-01,1938-08-01,1937-04-01,1938-09-01,0.246392711320297,0.00446168258044806,0
"112",1937-04-01,1938-09-01,1937-05-01,1938-10-01,2.12678028616431,7.69974159304555e-06,0
"113",1937-05-01,1938-10-01,1937-06-01,1938-11-01,0.186269837864381,0.0334921373667401,0
"114",1937-06-01,1938-11-01,1937-07-01,1938-12-01,0.477580033244405,0.0364793165828661,0
"115",1937-07-01,1938-12-01,1937-08-01,1939-01-01,0.169198745865957,0.00489965887870611,0
"116",1937-08-01,1939-01-01,1937-09-01,1939-02-01,0.101061769825159,0,0
"117",1937-09-01,1939-02-01,1937-10-01,1939-03-01,2.38523979875211,0.0181837316958929,0
"118",1937-10-01,1939-03-01,1937-11-01,1939-04-01,0.135268438062926,4.60240869912014e-05,0
"119",1937-11-01,1939-04-01,1937-12-01,1939-05-01,0.354658284375092,0.0180867466619164,0
"120",1937-12-01,1939-05-01,1938-01-01,1939-06-01,3.01270083231136,0.0312292057971933,0
"121",1938-01-01,1939-06-01,1938-02-01,1939-07-01,0.0732993800817688,0.00115737878995311,0
"122",1938-02-01,1939-07-01,1938-03-01,1939-08-01,0.100995437322413,0.0181118121571164,0
"123",1938-03-01,1939-08-01,1938-04-01,1939-09-01,0.410680370568266,0.00276861130733129,0
"124",1938-04-01,1939-09-01,1938-05-01,1939-10-01,0.282454627969484,0.00415546031573812,0
"125",1938-05-01,1939-10-01,1938-06-01,1939-11-01,0.256128092050388,0.0364937724515093,0
"126",1938-06-01,1939-11-01,1938-07-01,1939-12-01,0.0440065693215105,0.00707544220176838,0
"127",1938-07-01,1939-12-01,1938-08-01,1940-01-01,0.569170696883832,0,0
"128",1938-08-01,1940-01-01,1938-09-01,1940-02-01,0.120780779130823,0,0
"129",1938-09-01,1940-02-01,1938-10-01,1940-03-01,0.0780264622594814,0,0
"130",1938-10-01,1940-03-01,1938-11-01,1940-04-01,1.00948062102865,0.00377201526782063,0
"131",1938-11-01,1940-04-01,1938-12-01,1940-05-01,0.939587490021896,0.00477801045875574,0
"132",1938-12-01,1940-05-01,1939-01-01,1940-06-01,0.47027898150877,0,0
"133",1939-01-01,1940-06-01,1939-02-01,1940-07-01,0.0436939928549016,0.250122220250326,0
"134",1939-02-01,1940-07-01,1939-03-01,1940-08-01,0.0510150545492602,0.262902285655307,0
"135",1939-03-01,1940-08-01,1939-04-01,1940-09-01,0.00955663153738635,0.0153472643661847,0
"136",1939-04-01,1940-09-01,1939-05-01,1940-10-01,0.283171478277134,0.00244865637484384,0
"137",1939-05-01,1940-10-01,1939-06-01,1940-11-01,0.0632305091811854,0.00607979937815882,0
"138",1939-06-01,1940-11-01,1939-07-01,1940-12-01,0.162966484099861,0.000497172979693252,0
"139",1939-07-01,1940-12-01,1939-08-01,1941-01-01,0.0400615204787995,0.00228775128474497,0
"140",1939-08-01,1941-01-01,1939-09-01,1941-02-01,0.023384223077179,0.00179057830505172,0
"141",1939-09-01,1941-02-01,1939-10-01,1941-03-01,1.06466600057602,0,0
"142",1939-10-01,1941-03-01,1939-11-01,1941-04-01,0.0754548125708515,0,0
"143",1939-11-01,1941-04-01,1939-12-01,1941-05-01,0.0789265566735254,0.000377797439584808,0
"144",1939-12-01,1941-05-01,1940-01-01,1941-06-01,0.0457278691502285,0,0
"145",1940-01-01,1941-06-01,1940-02-01,1941-07-01,0.12392527800868,0,0
"146",1940-02-01,1941-07-01,1940-03-01,1941-08-01,0.069522385819127,0,0
"147",1940-03-01,1941-08-01,1940-04-01,1941-09-01,0.260337743627862,0,0
"148",1940-04-01,1941-09-01,1940-05-01,1941-10-01,0.035628233733451,0.0073603487979665,0
"149",1940-05-01,1941-10-01,1940-06-01,1941-11-01,0.266838097187448,0,0
"150",1940-06-01,1941-11-01,1940-07-01,1941-12-01,0.0562053131398917,0.0326898800568846,0
"151",1940-07-01,1941-12-01,1940-08-01,1942-01-01,0.0116708327992889,0.0177776809299947,0
"152",1940-08-01,1942-01-01,1940-09-01,1942-02-01,0.0216916254840142,0.050252694599948,0
"153",1940-09-01,1942-02-01,1940-10-01,1942-03-01,0.015251049039605,0.0012978651254041,0
"154",1940-10-01,1942-03-01,1940-11-01,1942-04-01,0.781505565333392,0.00334781452187162,0
"155",1940-11-01,1942-04-01,1940-12-01,1942-05-01,0.0173597025952876,0.00107341778134172,0
"156",1940-12-01,1942-05-01,1941-01-01,1942-06-01,0.0736091230206583,0.0162014620794693,0
"157",1941-01-01,1942-06-01,1941-02-01,1942-07-01,0.0102226522634163,0.00202822933900115,0
"158",1941-02-01,1942-07-01,1941-03-01,1942-08-01,0.0349717278757477,0.0139117806903763,0
"159",1941-03-01,1942-08-01,1941-04-01,1942-09-01,0.00929789319937559,0,0
"160",1941-04-01,1942-09-01,1941-05-01,1942-10-01,0.05773672008949,0.000434239331785185,0
"161",1941-05-01,1942-10-01,1941-06-01,1942-11-01,0.0776718874425595,0,0
"162",1941-06-01,1942-11-01,1941-07-01,1942-12-01,0.0332939893054637,0.0124883651870686,0
"163",1941-07-01,1942-12-01,1941-08-01,1943-01-01,0.0119257994078229,0.0118928346949165,0
"164",1941-08-01,1943-01-01,1941-09-01,1943-02-01,0.0886511266022506,0.00766177366054357,0
"165",1941-09-01,1943-02-01,1941-10-01,1943-03-01,0.0777460462540794,0.00647411128433257,0
"166",1941-10-01,1943-03-01,1941-11-01,1943-04-01,0.0355548503280501,0.250267655227431,0
"167",1941-11-01,1943-04-01,1941-12-01,1943-05-01,0.112636016548525,0,0
"168",1941-12-01,1943-05-01,1942-01-01,1943-06-01,0.0631833388906449,0,0
"169",1942-01-01,1943-06-01,1942-02-01,1943-07-01,0.0193821648477343,0,0
"170",1942-02-01,1943-07-01,1942-03-01,1943-08-01,0.0714699038003113,0,0
"171",1942-03-01,1943-08-01,1942-04-01,1943-09-01,0.0563651319774352,0,0
"172",1942-04-01,1943-09-01,1942-05-01,1943-10-01,0.925181956023259,0.255864400114641,0
"173",1942-05-01,1943-10-01,1942-06-01,1943-11-01,0.0656152275999583,0.255864400114641,0
"174",1942-06-01,1943-11-01,1942-07-01,1943-12-01,0.00386197700021914,0,0
"175",1942-07-01,1943-12-01,1942-08-01,1944-01-01,0.0912037323457534,0,0
"176",1942-08-01,1944-01-01,1942-09-01,1944-02-01,0.00278486086911615,0.250927190548231,0
"177",1942-09-01,1944-02-01,1942-10-01,1944-03-01,0.057274107882147,0.000295588016821139,0
"178",1942-10-01,1944-03-01,1942-11-01,1944-04-01,0.00141297234017063,0.00399942965505111,0
"179",1942-11-01,1944-04-01,1942-12-01,1944-05-01,0.0132735257124373,0,0
"180",1942-12-01,1944-05-01,1943-01-01,1944-06-01,0.0370128877312632,0.00467272614009934,0
"181",1943-01-01,1944-06-01,1943-02-01,1944-07-01,0.0308252659626614,0.000896626954898344,0
"182",1943-02-01,1944-07-01,1943-03-01,1944-08-01,0.0950613526236149,0,0
"183",1943-03-01,1944-08-01,1943-04-01,1944-09-01,0.0256765902597454,0,0
"184",1943-04-01,1944-09-01,1943-05-01,1944-10-01,0.0261569792969519,0.00504408521304094,0
"185",1943-05-01,1944-10-01,1943-06-01,1944-11-01,0.0466831032326706,0.00058587659730016,0
"186",1943-06-01,1944-11-01,1943-07-01,1944-12-01,0.0118340345517341,0.000655965502195839,0
"187",1943-07-01,1944-12-01,1943-08-01,1945-01-01,0.0522033006421796,0,0
"188",1943-08-01,1945-01-01,1943-09-01,1945-02-01,0.0274592637748554,0,0
"189",1943-09-01,1945-02-01,1943-10-01,1945-03-01,0.0730700873921923,0.00375111353322496,0
"190",1943-10-01,1945-03-01,1943-11-01,1945-04-01,0.0114344831777516,0,0
"191",1943-11-01,1945-04-01,1943-12-01,1945-05-01,0.0153749448781055,0,0
"192",1943-12-01,1945-05-01,1944-01-01,1945-06-01,0.0140548331309025,0,0
"193",1944-01-01,1945-06-01,1944-02-01,1945-07-01,0.0471990010545994,0.00123279193565301,0
"194",1944-02-01,1945-07-01,1944-03-01,1945-08-01,5.24281331939988,0.0017762631754753,0
"195",1944-03-01,1945-08-01,1944-04-01,1945-09-01,1.47236901034771,0,0
"196",1944-04-01,1945-09-01,1944-05-01,1945-10-01,0.628487892921754,4.48220655493802e-08,0
"197",1944-05-01,1945-10-01,1944-06-01,1945-11-01,0.596882017658188,0,0
"198",1944-06-01,1945-11-01,1944-07-01,1945-12-01,0.024794374935453,4.48220655493802e-08,0
"199",1944-07-01,1945-12-01,1944-08-01,1946-01-01,0.903252544319646,0,0
"200",1944-08-01,1946-01-01,1944-09-01,1946-02-01,0.0403154385592038,0.000146777156723105,0
"201",1944-09-01,1946-02-01,1944-10-01,1946-03-01,3.19496419016576,0,0
"202",1944-10-01,1946-03-01,1944-11-01,1946-04-01,0.104854243780337,0,0
"203",1944-11-01,1946-04-01,1944-12-01,1946-05-01,0.121786164436002,0.00281987553203964,0
"204",1944-12-01,1946-05-01,1945-01-01,1946-06-01,2.83430595221759,9.06170137078454e-05,0
"205",1945-01-01,1946-06-01,1945-02-01,1946-07-01,0.251838687521786,9.06170137078454e-05,0
"206",1945-02-01,1946-07-01,1945-03-01,1946-08-01,0.156897128301823,0,0
"207",1945-03-01,1946-08-01,1945-04-01,1946-09-01,1.26949758009202,0,0
"208",1945-04-01,1946-09-01,1945-05-01,1946-10-01,0.17269287184691,0,0
"209",1945-05-01,1946-10-01,1945-06-01,1946-11-01,0.0188220123710713,0.00176305237097126,0
"210",1945-06-01,1946-11-01,1945-07-01,1946-12-01,0.149644901675301,0.0145980950604477,0
"211",1945-07-01,1946-12-01,1945-08-01,1947-01-01,0.101801508866737,0.0144711561806142,0
"212",1945-08-01,1947-01-01,1945-09-01,1947-02-01,0.281379192925174,0,0
"213",1945-09-01,1947-02-01,1945-10-01,1947-03-01,0.577700174203909,0,0
"214",1945-10-01,1947-03-01,1945-11-01,1947-04-01,0.102629073477067,0.0523370160449503,0
"215",1945-11-01,1947-04-01,1945-12-01,1947-05-01,0.216707438260752,0,0
"216",1945-12-01,1947-05-01,1946-01-01,1947-06-01,0.0626906561801897,0.0188180253739558,0
"217",1946-01-01,1947-06-01,1946-02-01,1947-07-01,0.220779282514328,0,0
"218",1946-02-01,1947-07-01,1946-03-01,1947-08-01,0.0713914558156821,0,0
"219",1946-03-01,1947-08-01,1946-04-01,1947-09-01,0.736016727938469,0,0
"220",1946-04-01,1947-09-01,1946-05-01,1947-10-01,0.103358726804034,0.0248120504323427,0
"221",1946-05-01,1947-10-01,1946-06-01,1947-11-01,0.622740745020382,0.000126306752228541,0
"222",1946-06-01,1947-11-01,1946-07-01,1947-12-01,0.336396960813106,0,0
"223",1946-07-01,1947-12-01,1946-08-01,1948-01-01,0.0379701138301936,2.03713862874558e-05,0
"224",1946-08-01,1948-01-01,1946-09-01,1948-02-01,0.202926832215334,0,0
"225",1946-09-01,1948-02-01,1946-10-01,1948-03-01,1.82138423516499,0,0
"226",1946-10-01,1948-03-01,1946-11-01,1948-04-01,0.0133527487990409,0,0
"227",1946-11-01,1948-04-01,1946-12-01,1948-05-01,0.0321214563510206,0.250000258993563,0
"228",1946-12-01,1948-05-01,1947-01-01,1948-06-01,0.0449261084224187,0.251151577214781,0
"229",1947-01-01,1948-06-01,1947-02-01,1948-07-01,0.0401218008601664,4.0311612619515e-05,0
"230",1947-02-01,1948-07-01,1947-03-01,1948-08-01,0.007461823049936,0.000648276145092212,0
"231",1947-03-01,1948-08-01,1947-04-01,1948-09-01,0.0600029371992307,0.0233676766680032,0
"232",1947-04-01,1948-09-01,1947-05-01,1948-10-01,0.0151596815277472,0.00585982203837562,0
"233",1947-05-01,1948-10-01,1947-06-01,1948-11-01,0.0510367702391379,0,0
"234",1947-06-01,1948-11-01,1947-07-01,1948-12-01,0.0853733383005791,0.0128218603002728,0
"235",1947-07-01,1948-12-01,1947-08-01,1949-01-01,1.51935938736526,0.251535814742821,0
"236",1947-08-01,1949-01-01,1947-09-01,1949-02-01,0.0788837576699561,0,0
"237",1947-09-01,1949-02-01,1947-10-01,1949-03-01,0.00658728800372515,0,0
"238",1947-10-01,1949-03-01,1947-11-01,1949-04-01,0.0169301150872204,0,0
"239",1947-11-01,1949-04-01,1947-12-01,1949-05-01,0.00838468050208624,0.250079784558027,0
"240",1947-12-01,1949-05-01,1948-01-01,1949-06-01,0.01586333438529,3.4176874577377e-06,0
"241",1948-01-01,1949-06-01,1948-02-01,1949-07-01,0.011060181490717,0,0
"242",1948-02-01,1949-07-01,1948-03-01,1949-08-01,0.0130217133020819,0,0
"243",1948-03-01,1949-08-01,1948-04-01,1949-09-01,0.0114242604075256,7.97845580269515e-05,0
"244",1948-04-01,1949-09-01,1948-05-01,1949-10-01,0.0977374380073835,0,0
"245",1948-05-01,1949-10-01,1948-06-01,1949-11-01,0.0772361209324937,0,0
"246",1948-06-01,1949-11-01,1948-07-01,1949-12-01,0.0758205646333005,0,0
"247",1948-07-01,1949-12-01,1948-08-01,1950-01-01,1.52036621134743,0,0
"248",1948-08-01,1950-01-01,1948-09-01,1950-02-01,0.0369711710432586,0.250003417687458,0
"249",1948-09-01,1950-02-01,1948-10-01,1950-03-01,0.0158793584105578,0,0
"250",1948-10-01,1950-03-01,1948-11-01,1950-04-01,0.0410868952748265,0,0
"251",1948-11-01,1950-04-01,1948-12-01,1950-05-01,0.0137823758750479,0,0
"252",1948-12-01,1950-05-01,1949-01-01,1950-06-01,0.0054032114584307,0,0
"253",1949-01-01,1950-06-01,1949-02-01,1950-07-01,0.325253075062892,0.26945305383204,0
"254",1949-02-01,1950-07-01,1949-03-01,1950-08-01,0.125828906979457,0,0
"255",1949-03-01,1950-08-01,1949-04-01,1950-09-01,0.118424749568578,0.00186932604161969,0
"256",1949-04-01,1950-09-01,1949-05-01,1950-10-01,0.153764848138488,0.00233465325038885,0
"257",1949-05-01,1950-10-01,1949-06-01,1950-11-01,0.191672854286619,0,0
"258",1949-06-01,1950-11-01,1949-07-01,1950-12-01,0.264034624514926,0.0209704517361535,0
"259",1949-07-01,1950-12-01,1949-08-01,1951-01-01,0.0243337049744947,0.000464637371814144,0
"260",1949-08-01,1951-01-01,1949-09-01,1951-02-01,0.0151118906390375,6.89836955014486e-07,0
"261",1949-09-01,1951-02-01,1949-10-01,1951-03-01,0.0165729932852088,0.00506144493695234,0
"262",1949-10-01,1951-03-01,1949-11-01,1951-04-01,0.778922200984949,0,0
"263",1949-11-01,1951-04-01,1949-12-01,1951-05-01,0.00932949507470096,0,0
"264",1949-12-01,1951-05-01,1950-01-01,1951-06-01,0.0153096159574369,0.00845709812703198,0
"265",1950-01-01,1951-06-01,1950-02-01,1951-07-01,1.32259376886934,0,0
"266",1950-02-01,1951-07-01,1950-03-01,1951-08-01,0.0137672994438268,0,0
"267",1950-03-01,1951-08-01,1950-04-01,1951-09-01,0.0132857276294135,0.00568070829464655,0
"268",1950-04-01,1951-09-01,1950-05-01,1951-10-01,0.022895549153533,0,0
"269",1950-05-01,1951-10-01,1950-06-01,1951-11-01,0.0601870890644364,2.91600382886387e-06,0
"270",1950-06-01,1951-11-01,1950-07-01,1951-12-01,0.281928531878938,0,0
"271",1950-07-01,1951-12-01,1950-08-01,1952-01-01,0.641449177784094,0.000254414533097641,0
"272",1950-08-01,1952-01-01,1950-09-01,1952-02-01,0.343776203739142,0,0
"273",1950-09-01,1952-02-01,1950-10-01,1952-03-01,0.009039409875784,0.000428576269603152,0
"274",1950-10-01,1952-03-01,1950-11-01,1952-04-01,0.0223769681857356,1.25004313518946e-05,0
"275",1950-11-01,1952-04-01,1950-12-01,1952-05-01,0.00702016824701362,4.4039392481822e-06,0
"276",1950-12-01,1952-05-01,1951-01-01,1952-06-01,0.111545200045238,0.0013610149102786,0
"277",1951-01-01,1952-06-01,1951-02-01,1952-07-01,0.10146338058201,0,0
"278",1951-02-01,1952-07-01,1951-03-01,1952-08-01,2.07878204891716,2.58374067283842e-06,0
"279",1951-03-01,1952-08-01,1951-04-01,1952-09-01,2.39852485613158,0,0
"280",1951-04-01,1952-09-01,1951-05-01,1952-10-01,0.02832993049095,5.60241885960232e-06,0
"281",1951-05-01,1952-10-01,1951-06-01,1952-11-01,0.0323235530563138,0.250008360519001,0
"282",1951-06-01,1952-11-01,1951-07-01,1952-12-01,0.00618129353899425,0.250368200689056,0
"283",1951-07-01,1952-12-01,1951-08-01,1953-01-01,0.00478417668410959,0,0
"284",1951-08-01,1953-01-01,1951-09-01,1953-02-01,0.0184079903948583,0.250368200689056,0
"285",1951-09-01,1953-02-01,1951-10-01,1953-03-01,0.0192919381966188,0,0
"286",1951-10-01,1953-03-01,1951-11-01,1953-04-01,0.0515164420475736,0,0
"287",1951-11-01,1953-04-01,1951-12-01,1953-05-01,0.0155223584411174,0,0
"288",1951-12-01,1953-05-01,1952-01-01,1953-06-01,0.0525321115609637,0.250340607337282,0
"289",1952-01-01,1953-06-01,1952-02-01,1953-07-01,0.00356591029937234,0,0
"290",1952-02-01,1953-07-01,1952-03-01,1953-08-01,0.0327688900879481,0.000667931708268987,0
"291",1952-03-01,1953-08-01,1952-04-01,1953-09-01,0.0997486473646002,0,0
"292",1952-04-01,1953-09-01,1952-05-01,1953-10-01,4.98033106488884e-05,7.87752831692386e-05,0
"293",1952-05-01,1953-10-01,1952-06-01,1953-11-01,0.0213237201827917,0,0
"294",1952-06-01,1953-11-01,1952-07-01,1953-12-01,0.0116947455462171,0.00046023300248838,0
"295",1952-07-01,1953-12-01,1952-08-01,1954-01-01,0.0449900201122432,0.000400618910735553,0
"296",1952-08-01,1954-01-01,1952-09-01,1954-02-01,0.29886565690483,7.57124755318505e-05,0
"297",1952-09-01,1954-02-01,1952-10-01,1954-03-01,0.266939156070276,0.00366870425238746,0
"298",1952-10-01,1954-03-01,1952-11-01,1954-04-01,0.00955891420587485,0.00115744990444061,0
"299",1952-11-01,1954-04-01,1952-12-01,1954-05-01,0.0265615757291035,0,0
"300",1952-12-01,1954-05-01,1953-01-01,1954-06-01,0.00999268644455851,0.00142144915399267,0
"301",1953-01-01,1954-06-01,1953-02-01,1954-07-01,0.00630387579950622,0.00208317482554603,0
"302",1953-02-01,1954-07-01,1953-03-01,1954-08-01,0.0271184468766447,0.00632015007979055,0
"303",1953-03-01,1954-08-01,1953-04-01,1954-09-01,0.00761729121282779,0,0
"304",1953-04-01,1954-09-01,1953-05-01,1954-10-01,0.0268883255746592,0.000443775361370661,0
"305",1953-05-01,1954-10-01,1953-06-01,1954-11-01,0.0149574642420042,0.000457211995230318,0
"306",1953-06-01,1954-11-01,1953-07-01,1954-12-01,0.397142970059251,0.000818498754546037,0
"307",1953-07-01,1954-12-01,1953-08-01,1955-01-01,0.0413456979792746,1.34366338596569e-05,0
"308",1953-08-01,1955-01-01,1953-09-01,1955-02-01,0.026842609332969,0.000407878022843593,0
"309",1953-09-01,1955-02-01,1953-10-01,1955-03-01,0.322409484872723,0,0
"310",1953-10-01,1955-03-01,1953-11-01,1955-04-01,0.0171515793734614,0,0
"311",1953-11-01,1955-04-01,1953-12-01,1955-05-01,0.0131126979473387,0,0
"312",1953-12-01,1955-05-01,1954-01-01,1955-06-01,0.175101963877176,0,0
"313",1954-01-01,1955-06-01,1954-02-01,1955-07-01,0.0113562226202433,0.00126762399454375,0
"314",1954-02-01,1955-07-01,1954-03-01,1955-08-01,0.0263186693302789,4.96122707859356e-05,0
"315",1954-03-01,1955-08-01,1954-04-01,1955-09-01,0.00925069172285243,0.00295040018486362,0
"316",1954-04-01,1955-09-01,1954-05-01,1955-10-01,0.207094830362093,0,0
"317",1954-05-01,1955-10-01,1954-06-01,1955-11-01,0.00939679212250187,0.250160409568177,0
"318",1954-06-01,1955-11-01,1954-07-01,1955-12-01,0.00199643392053158,0.250390344506496,0
"319",1954-07-01,1955-12-01,1954-08-01,1956-01-01,0.103602938783925,0.00321757903509133,0
"320",1954-08-01,1956-01-01,1954-09-01,1956-02-01,0.0141040062726523,1.38321545298955e-07,0
"321",1954-09-01,1956-02-01,1954-10-01,1956-03-01,0.0108312923172901,0.000161431229817191,0
"322",1954-10-01,1956-03-01,1954-11-01,1956-04-01,0.00158444329614749,0.012008322626764,0
"323",1954-11-01,1956-04-01,1954-12-01,1956-05-01,0.0273688025895149,0.00292312648902525,0
"324",1954-12-01,1956-05-01,1955-01-01,1956-06-01,0.0112283968087414,0,0
"325",1955-01-01,1956-06-01,1955-02-01,1956-07-01,0.674884575289905,0.00681442316401199,0
"326",1955-02-01,1956-07-01,1955-03-01,1956-08-01,0.0751976441654738,0,0
"327",1955-03-01,1956-08-01,1955-04-01,1956-09-01,0.0544436237902622,0.00325839688756281,0
"328",1955-04-01,1956-09-01,1955-05-01,1956-10-01,0.0152830707653526,0.00301837270578768,0
"329",1955-05-01,1956-10-01,1955-06-01,1956-11-01,0.0235320612459669,0.253258396887563,0
"330",1955-06-01,1956-11-01,1955-07-01,1956-12-01,0.0177640524280667,0,0
"331",1955-07-01,1956-12-01,1955-08-01,1957-01-01,0.00864576770475975,0.251658315157277,0
"332",1955-08-01,1957-01-01,1955-09-01,1957-02-01,0.032626406434134,0.00614828986798582,0
"333",1955-09-01,1957-02-01,1955-10-01,1957-03-01,0.203764081339718,0.018076904605722,0
"334",1955-10-01,1957-03-01,1955-11-01,1957-04-01,0.215213734365807,0,0
"335",1955-11-01,1957-04-01,1955-12-01,1957-05-01,0.209970686013304,0.00152752952831604,0
"336",1955-12-01,1957-05-01,1956-01-01,1957-06-01,0.000832783664626602,0,0
"337",1956-01-01,1957-06-01,1956-02-01,1957-07-01,0.0442934008657229,0.0117693938485484,0
"338",1956-02-01,1957-07-01,1956-03-01,1957-08-01,0.0719291959292531,0.00691950595734523,0
"339",1956-03-01,1957-08-01,1956-04-01,1957-09-01,0.0551764245480729,5.0880040077961e-05,0
"340",1956-04-01,1957-09-01,1956-05-01,1957-10-01,0.0689526360752104,0,0
"341",1956-05-01,1957-10-01,1956-06-01,1957-11-01,0.0889769017364258,0,0
"342",1956-06-01,1957-11-01,1956-07-01,1957-12-01,0.0737222480536707,0.00437810886340855,0
"343",1956-07-01,1957-12-01,1956-08-01,1958-01-01,0.216042415430707,0,0
"344",1956-08-01,1958-01-01,1956-09-01,1958-02-01,0.217289742547047,0,0
"345",1956-09-01,1958-02-01,1956-10-01,1958-03-01,0.0329981670358338,0.00521366496574403,0
"346",1956-10-01,1958-03-01,1956-11-01,1958-04-01,0.0354283068575671,0.00768364868907346,0
"347",1956-11-01,1958-04-01,1956-12-01,1958-05-01,0.0248691952421247,0.00518631775367259,0
"348",1956-12-01,1958-05-01,1957-01-01,1958-06-01,0.0402972802281483,0,0
"349",1957-01-01,1958-06-01,1957-02-01,1958-07-01,0.0462149308351191,0.254295806015116,0
"350",1957-02-01,1958-07-01,1957-03-01,1958-08-01,0.0523786001592115,0,0
"351",1957-03-01,1958-08-01,1957-04-01,1958-09-01,0.00960708411251419,0,0
"352",1957-04-01,1958-09-01,1957-05-01,1958-10-01,0.00708754712500741,0,0
"353",1957-05-01,1958-10-01,1957-06-01,1958-11-01,0.0527723662794106,0,0
"354",1957-06-01,1958-11-01,1957-07-01,1958-12-01,0.00671732250858357,0,0
"355",1957-07-01,1958-12-01,1957-08-01,1959-01-01,0.012030431929444,0.250174382405327,0
"356",1957-08-01,1959-01-01,1957-09-01,1959-02-01,0.0486513993916546,0,0
"357",1957-09-01,1959-02-01,1957-10-01,1959-03-01,0.0630483979967611,4.43307070662734e-05,0
"358",1957-10-01,1959-03-01,1957-11-01,1959-04-01,0.230120736949999,0,0
"359",1957-11-01,1959-04-01,1957-12-01,1959-05-01,0.026576916462137,0,0
"360",1957-12-01,1959-05-01,1958-01-01,1959-06-01,0.0418644662949941,0,0
"361",1958-01-01,1959-06-01,1958-02-01,1959-07-01,0.0496799275014071,0,0
"362",1958-02-01,1959-07-01,1958-03-01,1959-08-01,0.0971149190941136,0,0
"363",1958-03-01,1959-08-01,1958-04-01,1959-09-01,0.0985380859872565,0,0
"364",1958-04-01,1959-09-01,1958-05-01,1959-10-01,0.133746063400687,0,0
"365",1958-05-01,1959-10-01,1958-06-01,1959-11-01,0.0334479067025306,0.250271107171914,0
"366",1958-06-01,1959-11-01,1958-07-01,1959-12-01,0.4417113234573,0,0
"367",1958-07-01,1959-12-01,1958-08-01,1960-01-01,0.0228121461776518,0.250458204173712,0
"368",1958-08-01,1960-01-01,1958-09-01,1960-02-01,0.00492123976481164,7.8682350995872e-06,0
"369",1958-09-01,1960-02-01,1958-10-01,1960-03-01,0.0184742553552659,0.00104378975410836,0
"370",1958-10-01,1960-03-01,1958-11-01,1960-04-01,0.0362743148349329,0.00313894311857337,0
"371",1958-11-01,1960-04-01,1958-12-01,1960-05-01,0.251666971805967,0.000356827735108749,0
"372",1958-12-01,1960-05-01,1959-01-01,1960-06-01,0.146725611686265,0.00217150527743076,0
"373",1959-01-01,1960-06-01,1959-02-01,1960-07-01,0.0183931614611689,0.000725418334799281,0
"374",1959-02-01,1960-07-01,1959-03-01,1960-08-01,0.0108242775194133,0.000770454480547197,0
"375",1959-03-01,1960-08-01,1959-04-01,1960-09-01,0.000802945493448631,8.56059023956789e-05,0
"376",1959-04-01,1960-09-01,1959-05-01,1960-10-01,0.0358316302038022,0,0
"377",1959-05-01,1960-10-01,1959-06-01,1960-11-01,0.07498161099818,0.00043192191173322,0
"378",1959-06-01,1960-11-01,1959-07-01,1960-12-01,0.031516590164577,0.000770454480547197,0
"379",1959-07-01,1960-12-01,1959-08-01,1961-01-01,0.0828105888047065,0,0
"380",1959-08-01,1961-01-01,1959-09-01,1961-02-01,0.270869182038291,0.00197876804739162,0
"381",1959-09-01,1961-02-01,1959-10-01,1961-03-01,0.00601177739228692,0.000112387407348516,0
"382",1959-10-01,1961-03-01,1959-11-01,1961-04-01,0.0840944264963468,0.000616265576349248,0
"383",1959-11-01,1961-04-01,1959-12-01,1961-05-01,0.0723051043008656,0,0
"384",1959-12-01,1961-05-01,1960-01-01,1961-06-01,1.21401355663126,0.00544439022523427,0
"385",1960-01-01,1961-06-01,1960-02-01,1961-07-01,0.0347953626417183,0.00712717450007565,0
"386",1960-02-01,1961-07-01,1960-03-01,1961-08-01,0.00502308046374009,0,0
"387",1960-03-01,1961-08-01,1960-04-01,1961-09-01,0.0129789188999395,5.84725176293226e-05,0
"388",1960-04-01,1961-09-01,1960-05-01,1961-10-01,0.0151381432118743,0.00221566851971099,0
"389",1960-05-01,1961-10-01,1960-06-01,1961-11-01,0.0308014024764279,0,0
"390",1960-06-01,1961-11-01,1960-07-01,1961-12-01,0.0176408767071256,0.0114911308520899,0
"391",1960-07-01,1961-12-01,1960-08-01,1962-01-01,0.00838713588040855,0,0
"392",1960-08-01,1962-01-01,1960-09-01,1962-02-01,0.0260667489338276,0.0030342128819045,0
"393",1960-09-01,1962-02-01,1960-10-01,1962-03-01,0.0213852004008855,0,0
"394",1960-10-01,1962-03-01,1960-11-01,1962-04-01,0.018660533208339,6.25738912749872e-06,0
"395",1960-11-01,1962-04-01,1960-12-01,1962-05-01,0.259867530883823,0,0
"396",1960-12-01,1962-05-01,1961-01-01,1962-06-01,4.31196589831623e-06,0,0
"397",1961-01-01,1962-06-01,1961-02-01,1962-07-01,0.00669535181402507,0.00198131911929426,0
"398",1961-02-01,1962-07-01,1961-03-01,1962-08-01,0.00680876958788607,0,0
"399",1961-03-01,1962-08-01,1961-04-01,1962-09-01,0.00905492883973672,9.64674045384048e-05,0
"400",1961-04-01,1962-09-01,1961-05-01,1962-10-01,0.0172477654230466,0.00430725324963611,0
"401",1961-05-01,1962-10-01,1961-06-01,1962-11-01,0.0681236668544178,0.000496530872559652,0
"402",1961-06-01,1962-11-01,1961-07-01,1962-12-01,0.0242579935596515,0,0
"403",1961-07-01,1962-12-01,1961-08-01,1963-01-01,0.00744461046683095,0.250090210015411,0
"404",1961-08-01,1963-01-01,1961-09-01,1963-02-01,0.00773738889680295,0,0
"405",1961-09-01,1963-02-01,1961-10-01,1963-03-01,0.0243722845657049,0,0
"406",1961-10-01,1963-03-01,1961-11-01,1963-04-01,0.00921028211782398,0,0
"407",1961-11-01,1963-04-01,1961-12-01,1963-05-01,0.0212944021946436,0,0
"408",1961-12-01,1963-05-01,1962-01-01,1963-06-01,0.0106805866214244,0.250005090652569,0
"409",1962-01-01,1963-06-01,1962-02-01,1963-07-01,0.00966780396012839,1.99066691995112e-05,0
"410",1962-02-01,1963-07-01,1962-03-01,1963-08-01,0.00870016797488561,5.09065256904406e-06,0
"411",1962-03-01,1963-08-01,1962-04-01,1963-09-01,0.00739270341017166,0,0
"412",1962-04-01,1963-09-01,1962-05-01,1963-10-01,0.0129096480788636,0.250019906669199,0
"413",1962-05-01,1963-10-01,1962-06-01,1963-11-01,1.31059651305898,0,0
"414",1962-06-01,1963-11-01,1962-07-01,1963-12-01,1.08996433725023,0.251223909618429,0
"415",1962-07-01,1963-12-01,1962-08-01,1964-01-01,0.0129109077185475,0,0
"416",1962-08-01,1964-01-01,1962-09-01,1964-02-01,0.0131149655452632,0.251223909618429,0
"417",1962-09-01,1964-02-01,1962-10-01,1964-03-01,0.000484745907451404,0.25030278551707,0
"418",1962-10-01,1964-03-01,1962-11-01,1964-04-01,0.0180030999398077,0,0
"419",1962-11-01,1964-04-01,1962-12-01,1964-05-01,0.0363345717017801,0.000268629075229034,0
"420",1962-12-01,1964-05-01,1963-01-01,1964-06-01,0.0180109038317059,0,0
"421",1963-01-01,1964-06-01,1963-02-01,1964-07-01,0.00326445056550809,0.000265327425383042,0
"422",1963-02-01,1964-07-01,1963-03-01,1964-08-01,0.00676135170337848,0,0
"423",1963-03-01,1964-08-01,1963-04-01,1964-09-01,0.0113383052783381,0.000525772945465754,0
"424",1963-04-01,1964-09-01,1963-05-01,1964-10-01,0.0714454940377323,0,0
"425",1963-05-01,1964-10-01,1963-06-01,1964-11-01,0.122127001478757,0.00033396205275951,0
"426",1963-06-01,1964-11-01,1963-07-01,1964-12-01,0.00714360551089483,0,0
"427",1963-07-01,1964-12-01,1963-08-01,1965-01-01,0.0219081167073837,0,0
"428",1963-08-01,1965-01-01,1963-09-01,1965-02-01,0.0107681888899515,0.250649554302085,0
"429",1963-09-01,1965-02-01,1963-10-01,1965-03-01,0.0145968819360358,0.254923044124132,0
"430",1963-10-01,1965-03-01,1963-11-01,1965-04-01,0.00817061108262553,0.000222102473510404,0
"431",1963-11-01,1965-04-01,1963-12-01,1965-05-01,0.00354113540606988,0.000584494490024779,0
"432",1963-12-01,1965-05-01,1964-01-01,1965-06-01,0.13237616268013,0,0
"433",1964-01-01,1965-06-01,1964-02-01,1965-07-01,0.0115352366507425,0.00212603126811193,0
"434",1964-02-01,1965-07-01,1964-03-01,1965-08-01,0.00460701379853844,0,0
"435",1964-03-01,1965-08-01,1964-04-01,1965-09-01,0.0306486988758223,0.00185283690939032,0
"436",1964-04-01,1965-09-01,1964-05-01,1965-10-01,0.0404635347547696,0.00128173805701177,0
"437",1964-05-01,1965-10-01,1964-06-01,1965-11-01,0.00173663431616433,0.000430579809682431,0
"438",1964-06-01,1965-11-01,1964-07-01,1965-12-01,0.00889874396521841,2.96397487724255e-05,0
"439",1964-07-01,1965-12-01,1964-08-01,1966-01-01,0.00959987552691312,0.00185283690939032,0
"440",1964-08-01,1966-01-01,1964-09-01,1966-02-01,0.007398181938224,0.250485417963627,0
"441",1964-09-01,1966-02-01,1964-10-01,1966-03-01,0.040844600911692,0,0
"442",1964-10-01,1966-03-01,1964-11-01,1966-04-01,0.214902102462669,0,0
"443",1964-11-01,1966-04-01,1964-12-01,1966-05-01,0.210331912714759,0,0
"444",1964-12-01,1966-05-01,1965-01-01,1966-06-01,0.0904628985716756,0,0
"445",1965-01-01,1966-06-01,1965-02-01,1966-07-01,0.00283655093458437,0,0
"446",1965-02-01,1966-07-01,1965-03-01,1966-08-01,0.0350548655892163,0.250113471133544,0
"447",1965-03-01,1966-08-01,1965-04-01,1966-09-01,0.0401294490757297,0.250113471133544,0
"448",1965-04-01,1966-09-01,1965-05-01,1966-10-01,0.00742594578045711,0,0
"449",1965-05-01,1966-10-01,1965-06-01,1966-11-01,0.0639717749351094,0,0
"450",1965-06-01,1966-11-01,1965-07-01,1966-12-01,0.00384442748123742,0,0
"451",1965-07-01,1966-12-01,1965-08-01,1967-01-01,0.00568238624618989,0,0
"452",1965-08-01,1967-01-01,1965-09-01,1967-02-01,0.0350829152210216,0,0
"453",1965-09-01,1967-02-01,1965-10-01,1967-03-01,0.0353791033834207,0,0
"454",1965-10-01,1967-03-01,1965-11-01,1967-04-01,0.00456901609219403,0,0
"455",1965-11-01,1967-04-01,1965-12-01,1967-05-01,0.0108992622464418,0,0
"456",1965-12-01,1967-05-01,1966-01-01,1967-06-01,0.00110337476660594,0,0
"457",1966-01-01,1967-06-01,1966-02-01,1967-07-01,0.0199750349782184,0.251184002306348,0
"458",1966-02-01,1967-07-01,1966-03-01,1967-08-01,0.0266381964131936,0,0
"459",1966-03-01,1967-08-01,1966-04-01,1967-09-01,0.0120202555956801,0,0
"460",1966-04-01,1967-09-01,1966-05-01,1967-10-01,0.00896959575408741,0.00126889213939704,0
"461",1966-05-01,1967-10-01,1966-06-01,1967-11-01,0.0326997737123138,0,0
"462",1966-06-01,1967-11-01,1966-07-01,1967-12-01,0.0216331931564218,0,0
"463",1966-07-01,1967-12-01,1966-08-01,1968-01-01,0.0231743744106385,0,0
"464",1966-08-01,1968-01-01,1966-09-01,1968-02-01,0.0253773856413169,0,0
"465",1966-09-01,1968-02-01,1966-10-01,1968-03-01,0.0296875520685415,0.00422770881933035,0
"466",1966-10-01,1968-03-01,1966-11-01,1968-04-01,0.100489925726765,0,0
"467",1966-11-01,1968-04-01,1966-12-01,1968-05-01,0.589598103514709,0,0
"468",1966-12-01,1968-05-01,1967-01-01,1968-06-01,0.03097433247403,0.00152653570488907,0
"469",1967-01-01,1968-06-01,1967-02-01,1968-07-01,0.136928511956874,0,0
"470",1967-02-01,1968-07-01,1967-03-01,1968-08-01,0.0143572361188814,0.000952814493124627,0
"471",1967-03-01,1968-08-01,1967-04-01,1968-09-01,0.103410458306691,0,0
"472",1967-04-01,1968-09-01,1967-05-01,1968-10-01,0.0846334324550275,0.00366233050083718,0
"473",1967-05-01,1968-10-01,1967-06-01,1968-11-01,0.00836576001318307,0.00557286349599543,0
"474",1967-06-01,1968-11-01,1967-07-01,1968-12-01,0.0464148029804543,0.00767121276661314,0
"475",1967-07-01,1968-12-01,1967-08-01,1969-01-01,0.0508166007821287,0,0
"476",1967-08-01,1969-01-01,1967-09-01,1969-02-01,0.0366053817300244,0.000779146405097689,0
"477",1967-09-01,1969-02-01,1967-10-01,1969-03-01,0.0224975500608974,0.0160526188366266,0
"478",1967-10-01,1969-03-01,1967-11-01,1969-04-01,0.0303208141695134,0.00420605719205319,0
"479",1967-11-01,1969-04-01,1967-12-01,1969-05-01,0.0153439566348069,0,0
"480",1967-12-01,1969-05-01,1968-01-01,1969-06-01,0.162307268275283,0,0
"481",1968-01-01,1969-06-01,1968-02-01,1969-07-01,0.025895940858785,0.00754562875661817,0
"482",1968-02-01,1969-07-01,1968-03-01,1969-08-01,0.0461178939191267,0.00153452713560864,0
"483",1968-03-01,1969-08-01,1968-04-01,1969-09-01,0.0106077535917134,0.00250838977199973,0
"484",1968-04-01,1969-09-01,1968-05-01,1969-10-01,0.0881645054052051,0,0
"485",1968-05-01,1969-10-01,1968-06-01,1969-11-01,0.0103483524348948,0,0
"486",1968-06-01,1969-11-01,1968-07-01,1969-12-01,0.0513954926293679,0.0119719737610141,0
"487",1968-07-01,1969-12-01,1968-08-01,1970-01-01,0.200772828210835,0.00924001214505467,0
"488",1968-08-01,1970-01-01,1968-09-01,1970-02-01,0.00575577378665999,0.000351586672631197,0
"489",1968-09-01,1970-02-01,1968-10-01,1970-03-01,0.0342990811992741,0.00735513751439872,0
"490",1968-10-01,1970-03-01,1968-11-01,1970-04-01,0.00394526659392925,0.259240012145055,0
"491",1968-11-01,1970-04-01,1968-12-01,1970-05-01,0.322930461193605,0,0
"492",1968-12-01,1970-05-01,1969-01-01,1970-06-01,0.0855401401731286,0,0
"493",1969-01-01,1970-06-01,1969-02-01,1970-07-01,0.0563385597277134,0,0
"494",1969-02-01,1970-07-01,1969-03-01,1970-08-01,0.0673522460869971,0.25097699566575,0
"495",1969-03-01,1970-08-01,1969-04-01,1970-09-01,0.0318563502990283,0.25097699566575,0
"496",1969-04-01,1970-09-01,1969-05-01,1970-10-01,0.167120648008294,0,0
"497",1969-05-01,1970-10-01,1969-06-01,1970-11-01,0.00931312993820725,0.250022227388762,0
"498",1969-06-01,1970-11-01,1969-07-01,1970-12-01,0.271271099412011,0,0
"499",1969-07-01,1970-12-01,1969-08-01,1971-01-01,0.247479988915842,0,0
"500",1969-08-01,1971-01-01,1969-09-01,1971-02-01,0.0367477636981493,0,0
"501",1969-09-01,1971-02-01,1969-10-01,1971-03-01,0.0124711182088915,6.18694146006538e-05,0
"502",1969-10-01,1971-03-01,1969-11-01,1971-04-01,0.0155104951645909,4.30147047806325e-05,0
"503",1969-11-01,1971-04-01,1969-12-01,1971-05-01,0.2245805383483,0,0
"504",1969-12-01,1971-05-01,1970-01-01,1971-06-01,0.467881075537377,2.63229819739065e-06,0
"505",1970-01-01,1971-06-01,1970-02-01,1971-07-01,0.0545062557243732,0.00812540792244136,0
"506",1970-02-01,1971-07-01,1970-03-01,1971-08-01,0.0230794096645702,0.00826070995751986,0
"507",1970-03-01,1971-08-01,1970-04-01,1971-09-01,0.0744142977161859,0,0
"508",1970-04-01,1971-09-01,1970-05-01,1971-10-01,0.066762622781595,0.000277718662901547,0
"509",1970-05-01,1971-10-01,1970-06-01,1971-11-01,1.38755464454411,0,0
"510",1970-06-01,1971-11-01,1970-07-01,1971-12-01,0.0869510571135571,0,0
"511",1970-07-01,1971-12-01,1970-08-01,1972-01-01,0.162271750829193,0.0107208573042846,0
"512",1970-08-01,1972-01-01,1970-09-01,1972-02-01,0.16634322681272,0.00412195905156371,0
"513",1970-09-01,1972-02-01,1970-10-01,1972-03-01,0.0387983409804793,0,0
"514",1970-10-01,1972-03-01,1970-11-01,1972-04-01,0.0850248953354538,0.00840515204675635,0
"515",1970-11-01,1972-04-01,1970-12-01,1972-05-01,0.665415693173695,0.0154688409051453,0
"516",1970-12-01,1972-05-01,1971-01-01,1972-06-01,0.00273654284420071,0,0
"517",1971-01-01,1972-06-01,1971-02-01,1972-07-01,0.13012949105955,0.00163965837053302,0
"518",1971-02-01,1972-07-01,1971-03-01,1972-08-01,0.0112373704038628,0.00411992368370977,0
"519",1971-03-01,1972-08-01,1971-04-01,1972-09-01,0.000130630702295633,0.00245102568793924,0
"520",1971-04-01,1972-09-01,1971-05-01,1972-10-01,0.0375951736378139,0.00372295297742342,0
"521",1971-05-01,1972-10-01,1971-06-01,1972-11-01,0.00595015779322573,0.0226513500420233,0
"522",1971-06-01,1972-11-01,1971-07-01,1972-12-01,0.0555337444962443,0.00125298659995609,0
"523",1971-07-01,1972-12-01,1971-08-01,1973-01-01,0.0471367978600799,0.016901145087306,0
"524",1971-08-01,1973-01-01,1971-09-01,1973-02-01,0.044580750822787,0.250353568070096,0
"525",1971-09-01,1973-02-01,1971-10-01,1973-03-01,0.0196063185028323,0,0
"526",1971-10-01,1973-03-01,1971-11-01,1973-04-01,0.0972383549944965,0,0
"527",1971-11-01,1973-04-01,1971-12-01,1973-05-01,0.119736364111177,0,0
"528",1971-12-01,1973-05-01,1972-01-01,1973-06-01,0.0178999094690213,0,0
"529",1972-01-01,1973-06-01,1972-02-01,1973-07-01,0.081373352026702,0,0
"530",1972-02-01,1973-07-01,1972-03-01,1973-08-01,1.78749801807853,0,0
"531",1972-03-01,1973-08-01,1972-04-01,1973-09-01,0.111903864991896,0,0
"532",1972-04-01,1973-09-01,1972-05-01,1973-10-01,0.0488038378256584,0,0
"533",1972-05-01,1973-10-01,1972-06-01,1973-11-01,0.469989164962423,0,0
"534",1972-06-01,1973-11-01,1972-07-01,1973-12-01,0.107060383173365,0,0
"535",1972-07-01,1973-12-01,1972-08-01,1974-01-01,0.198991763447006,0,0
"536",1972-08-01,1974-01-01,1972-09-01,1974-02-01,0.0504253447615811,0,0
"537",1972-09-01,1974-02-01,1972-10-01,1974-03-01,0.470899286491775,0,0
"538",1972-10-01,1974-03-01,1972-11-01,1974-04-01,0.261173519514113,0.258167358826514,0
"539",1972-11-01,1974-04-01,1972-12-01,1974-05-01,0.656277253071055,0.00905576027686359,0
"540",1972-12-01,1974-05-01,1973-01-01,1974-06-01,0.110070805838553,0,0
"541",1973-01-01,1974-06-01,1973-02-01,1974-07-01,0.0142797770371798,4.5393176476815e-05,0
"542",1973-02-01,1974-07-01,1973-03-01,1974-08-01,0.0726142805532993,0.00722623289579889,0
"543",1973-03-01,1974-08-01,1973-04-01,1974-09-01,0.182163494965688,0.0564351980192632,0
"544",1973-04-01,1974-09-01,1973-05-01,1974-10-01,0.0356553276349708,0.0999683646264103,0
"545",1973-05-01,1974-10-01,1973-06-01,1974-11-01,0.223165138290985,0.0831595306700613,0
"546",1973-06-01,1974-11-01,1973-07-01,1974-12-01,0.240604542159604,0,0
"547",1973-07-01,1974-12-01,1973-08-01,1975-01-01,0.186822273383384,0.0634646852844023,0
"548",1973-08-01,1975-01-01,1973-09-01,1975-02-01,0.00134121300384648,0.0219543593861402,0
"549",1973-09-01,1975-02-01,1973-10-01,1975-03-01,0.26820101652845,0.143068153137439,0
"550",1973-10-01,1975-03-01,1973-11-01,1975-04-01,0.179855625528309,0,0
"551",1973-11-01,1975-04-01,1973-12-01,1975-05-01,0.0474303668210908,0,0
"552",1973-12-01,1975-05-01,1974-01-01,1975-06-01,0.165040606165033,0.218580162519755,0
"553",1974-01-01,1975-06-01,1974-02-01,1975-07-01,0.187690067347417,0.000319590343992491,0
"554",1974-02-01,1975-07-01,1974-03-01,1975-08-01,0.232650616494145,0.187358067326348,0
"555",1974-03-01,1975-08-01,1974-04-01,1975-09-01,1.00079360262458,0,0
"556",1974-04-01,1975-09-01,1974-05-01,1975-10-01,0.69350614861187,0.0331735254258777,0
"557",1974-05-01,1975-10-01,1974-06-01,1975-11-01,0.266870821162177,0.0209867347370819,0
"558",1974-06-01,1975-11-01,1974-07-01,1975-12-01,0.136041817082514,0.0200169359259325,0
"559",1974-07-01,1975-12-01,1974-08-01,1976-01-01,0.00728925393954872,0.000162739490091047,0
"560",1974-08-01,1976-01-01,1974-09-01,1976-02-01,0.534165306768246,0.258779512869965,0
"561",1974-09-01,1976-02-01,1974-10-01,1976-03-01,0.244296410337709,0,0
"562",1974-10-01,1976-03-01,1974-11-01,1976-04-01,0.470867701583074,0.255572182541211,0
"563",1974-11-01,1976-04-01,1974-12-01,1976-05-01,1.62547512025006,0.00656769627074341,0
"564",1974-12-01,1976-05-01,1975-01-01,1976-06-01,0.898607176852316,0.00267945599098648,0
"565",1975-01-01,1976-06-01,1975-02-01,1976-07-01,0.272762415125056,0.000345777151622607,0
"566",1975-02-01,1976-07-01,1975-03-01,1976-08-01,0.530710231561819,0,0
"567",1975-03-01,1976-08-01,1975-04-01,1976-09-01,0.009117340705779,0,0
"568",1975-04-01,1976-09-01,1975-05-01,1976-10-01,0.0739195888327812,0,0
"569",1975-05-01,1976-10-01,1975-06-01,1976-11-01,0.864489114181559,0.000345777151622607,0
"570",1975-06-01,1976-11-01,1975-07-01,1976-12-01,0.0210650816251752,0.00453429595783261,0
"571",1975-07-01,1976-12-01,1975-08-01,1977-01-01,0.00225094059560105,0.00256118326647878,0
"572",1975-08-01,1977-01-01,1975-09-01,1977-02-01,0.173457358962478,0,0
"573",1975-09-01,1977-02-01,1975-10-01,1977-03-01,0.912328090813201,0,0
"574",1975-10-01,1977-03-01,1975-11-01,1977-04-01,0.0311971058158069,1.50716919194446e-05,0
"575",1975-11-01,1977-04-01,1975-12-01,1977-05-01,0.0119291497909149,0.00790968675847338,0
"576",1975-12-01,1977-05-01,1976-01-01,1977-06-01,0.0296272744748238,0,0
"577",1976-01-01,1977-06-01,1976-02-01,1977-07-01,0.4378505342726,0,0
"578",1976-02-01,1977-07-01,1976-03-01,1977-08-01,0.0622274314590035,0.000166667278040414,0
"579",1976-03-01,1977-08-01,1976-04-01,1977-09-01,0.0460352012043481,0.000389622286613884,0
"580",1976-04-01,1977-09-01,1976-05-01,1977-10-01,0.253890155244564,0,0
"581",1976-05-01,1977-10-01,1976-06-01,1977-11-01,0.0412662778050809,0.00020139238636052,0
"582",1976-06-01,1977-11-01,1976-07-01,1977-12-01,0.0104600002042217,0.250575942981055,0
"583",1976-07-01,1977-12-01,1976-08-01,1978-01-01,0.0308188557310122,0,0
"584",1976-08-01,1978-01-01,1976-09-01,1978-02-01,0.081269170610697,0,0
"585",1976-09-01,1978-02-01,1976-10-01,1978-03-01,0.021273576587567,0.251345340144354,0
"586",1976-10-01,1978-03-01,1976-11-01,1978-04-01,0.0729977367508856,0,0
"587",1976-11-01,1978-04-01,1976-12-01,1978-05-01,0.00723673276758364,0,0
"588",1976-12-01,1978-05-01,1977-01-01,1978-06-01,0.0327484674262516,0.00187867759377147,0
"589",1977-01-01,1978-06-01,1977-02-01,1978-07-01,0.0297256684178173,0,0
"590",1977-02-01,1978-07-01,1977-03-01,1978-08-01,0.401387113028559,0.250533337449417,0
"591",1977-03-01,1978-08-01,1977-04-01,1978-09-01,0.178342587533421,0,0
"592",1977-04-01,1978-09-01,1977-05-01,1978-10-01,0.0126299578617346,0,0
"593",1977-05-01,1978-10-01,1977-06-01,1978-11-01,0.870537726928517,0,0
"594",1977-06-01,1978-11-01,1977-07-01,1978-12-01,0.700902827227128,0.25315265174174,0
"595",1977-07-01,1978-12-01,1977-08-01,1979-01-01,0.155654071772997,5.81075977032378e-05,0
"596",1977-08-01,1979-01-01,1977-09-01,1979-02-01,0.108789603205382,0.253595189177377,0
"597",1977-09-01,1979-02-01,1977-10-01,1979-03-01,0.117336425954409,0,0
"598",1977-10-01,1979-03-01,1977-11-01,1979-04-01,0.0994739944606137,0,0
"599",1977-11-01,1979-04-01,1977-12-01,1979-05-01,0.0195489237525817,0,0
"600",1977-12-01,1979-05-01,1978-01-01,1979-06-01,0.087453202897495,0,0
"601",1978-01-01,1979-06-01,1978-02-01,1979-07-01,0.191214520905133,0,0
"602",1978-02-01,1979-07-01,1978-03-01,1979-08-01,0.0323243946132569,0.250001496729735,0
"603",1978-03-01,1979-08-01,1978-04-01,1979-09-01,0.863314336908992,0,0
"604",1978-04-01,1979-09-01,1978-05-01,1979-10-01,0.266113383049833,0,0
"605",1978-05-01,1979-10-01,1978-06-01,1979-11-01,0.0235008643210653,0.000392291775345535,0
"606",1978-06-01,1979-11-01,1978-07-01,1979-12-01,0.289622377655748,0,0
"607",1978-07-01,1979-12-01,1978-08-01,1980-01-01,9.52847023078004,0.000392291775345535,0
"608",1978-08-01,1980-01-01,1978-09-01,1980-02-01,0.0208894135989482,0.250001496729735,0
"609",1978-09-01,1980-02-01,1978-10-01,1980-03-01,1.43561482082773,0,0
"610",1978-10-01,1980-03-01,1978-11-01,1980-04-01,0.73487482691161,0,0
"611",1978-11-01,1980-04-01,1978-12-01,1980-05-01,1.69636348201742,0,0
"612",1978-12-01,1980-05-01,1979-01-01,1980-06-01,0.0363179281590135,0,0
"613",1979-01-01,1980-06-01,1979-02-01,1980-07-01,0.0685695073021675,0.251655989602943,0
"614",1979-02-01,1980-07-01,1979-03-01,1980-08-01,0.0374318210035474,0,0
"615",1979-03-01,1980-08-01,1979-04-01,1980-09-01,0.148112707230504,0,0
"616",1979-04-01,1980-09-01,1979-05-01,1980-10-01,0.139987152413688,0,0
"617",1979-05-01,1980-10-01,1979-06-01,1980-11-01,0.0963112626347047,0,0
"618",1979-06-01,1980-11-01,1979-07-01,1980-12-01,1.8302900100952,0.00188261034061,0
"619",1979-07-01,1980-12-01,1979-08-01,1981-01-01,0.0313890036007954,0.00653437193211696,0
"620",1979-08-01,1981-01-01,1979-09-01,1981-02-01,0.447968745287919,0.00653437193211696,0
"621",1979-09-01,1981-02-01,1979-10-01,1981-03-01,0.179644796214575,0.000366707605307803,0
"622",1979-10-01,1981-03-01,1979-11-01,1981-04-01,0.322058420924623,0,0
"623",1979-11-01,1981-04-01,1979-12-01,1981-05-01,0.194703481962881,0,0
"624",1979-12-01,1981-05-01,1980-01-01,1981-06-01,0.223867834987302,0,0
"625",1980-01-01,1981-06-01,1980-02-01,1981-07-01,10.7888337147419,0,0
"626",1980-02-01,1981-07-01,1980-03-01,1981-08-01,0.0485692751497988,0.250140086867641,0
"627",1980-03-01,1981-08-01,1980-04-01,1981-09-01,0.0305646129218422,0,0
"628",1980-04-01,1981-09-01,1980-05-01,1981-10-01,0.474528782732206,0,0
"629",1980-05-01,1981-10-01,1980-06-01,1981-11-01,0.0208509823777899,0,0
"630",1980-06-01,1981-11-01,1980-07-01,1981-12-01,0.592609702646726,0,0
"631",1980-07-01,1981-12-01,1980-08-01,1982-01-01,0.130440033258269,0,0
"632",1980-08-01,1982-01-01,1980-09-01,1982-02-01,0.0397448160745277,0.251085709273389,0
"633",1980-09-01,1982-02-01,1980-10-01,1982-03-01,0.259347281526487,0,0
"634",1980-10-01,1982-03-01,1980-11-01,1982-04-01,0.130324510218564,0.251085709273389,0
"635",1980-11-01,1982-04-01,1980-12-01,1982-05-01,0.245118335901736,0,0
"636",1980-12-01,1982-05-01,1981-01-01,1982-06-01,0.0771168987489836,0,0
"637",1981-01-01,1982-06-01,1981-02-01,1982-07-01,0.253086082046112,0,0
"638",1981-02-01,1982-07-01,1981-03-01,1982-08-01,0.139337623861551,0.250001740754967,0
"639",1981-03-01,1982-08-01,1981-04-01,1982-09-01,3.1333654080036,0,0
"640",1981-04-01,1982-09-01,1981-05-01,1982-10-01,0.222175042188246,3.03347507975145e-05,0
"641",1981-05-01,1982-10-01,1981-06-01,1982-11-01,0.0466952987003004,3.03347507975145e-05,0
"642",1981-06-01,1982-11-01,1981-07-01,1982-12-01,0.19260161984982,4.92715912225414e-05,0
"643",1981-07-01,1982-12-01,1981-08-01,1983-01-01,0.162215225161223,1.74075496743969e-06,0
"644",1981-08-01,1983-01-01,1981-09-01,1983-02-01,0.0741532847459476,0,0
"645",1981-09-01,1983-02-01,1981-10-01,1983-03-01,0.00788262822260859,0,0
"646",1981-10-01,1983-03-01,1981-11-01,1983-04-01,0.239937684352126,0.00569300562225924,0
"647",1981-11-01,1983-04-01,1981-12-01,1983-05-01,0.0207339707893337,0.0112001860267441,0
"648",1981-12-01,1983-05-01,1982-01-01,1983-06-01,0.0696684760497877,0.0111370132254198,0
"649",1982-01-01,1983-06-01,1982-02-01,1983-07-01,0.0742497633124948,0.000582796107938737,0
"650",1982-02-01,1983-07-01,1982-03-01,1983-08-01,0.0819249682501603,0.000206651114894199,0
"651",1982-03-01,1983-08-01,1982-04-01,1983-09-01,0.936293484250877,0.00316865435990449,0
"652",1982-04-01,1983-09-01,1982-05-01,1983-10-01,0.114442827098602,0.00294311904153267,0
"653",1982-05-01,1983-10-01,1982-06-01,1983-11-01,0.0182432505680437,0.000241708165019683,0
"654",1982-06-01,1983-11-01,1982-07-01,1983-12-01,0.269267457891493,0,0
"655",1982-07-01,1983-12-01,1982-08-01,1984-01-01,0.0315112902104686,0.00506332479803197,0
"656",1982-08-01,1984-01-01,1982-09-01,1984-02-01,0.0878418237330747,0,0
"657",1982-09-01,1984-02-01,1982-10-01,1984-03-01,2.40070678029691,0,0
"658",1982-10-01,1984-03-01,1982-11-01,1984-04-01,0.144158132126891,0,0
"659",1982-11-01,1984-04-01,1982-12-01,1984-05-01,0.0363039006626837,0.0240578197326846,0
"660",1982-12-01,1984-05-01,1983-01-01,1984-06-01,0.30540624160835,0.00156268195898951,0
"661",1983-01-01,1984-06-01,1983-02-01,1984-07-01,0.348369039441306,0,0
"662",1983-02-01,1984-07-01,1983-03-01,1984-08-01,0.051803724748496,0.00123441026489828,0
"663",1983-03-01,1984-08-01,1983-04-01,1984-09-01,1.34816250332584,0,0
"664",1983-04-01,1984-09-01,1983-05-01,1984-10-01,0.0227426473094771,0,0
"665",1983-05-01,1984-10-01,1983-06-01,1984-11-01,0.16845254203644,0.0214321244367279,0
"666",1983-06-01,1984-11-01,1983-07-01,1984-12-01,0.0122801290431269,0,0
"667",1983-07-01,1984-12-01,1983-08-01,1985-01-01,0.0809359480313259,0.252515217678589,0
"668",1983-08-01,1985-01-01,1983-09-01,1985-02-01,0.0363371481790613,0.250258418326073,0
"669",1983-09-01,1985-02-01,1983-10-01,1985-03-01,0.0694269923032636,0.250258418326073,0
"670",1983-10-01,1985-03-01,1983-11-01,1985-04-01,0.0662016747349919,0,0
"671",1983-11-01,1985-04-01,1983-12-01,1985-05-01,0.0774481891446135,0,0
"672",1983-12-01,1985-05-01,1984-01-01,1985-06-01,0.0340911472107148,0.252405662382069,0
"673",1984-01-01,1985-06-01,1984-02-01,1985-07-01,0.04115624361045,4.58726013108734e-05,0
"674",1984-02-01,1985-07-01,1984-03-01,1985-08-01,0.0744692552076711,0,0
"675",1984-03-01,1985-08-01,1984-04-01,1985-09-01,0.056059846631752,0.00017010587481905,0
"676",1984-04-01,1985-09-01,1984-05-01,1985-10-01,0.0459106864443736,5.67429186179769e-05,0
"677",1984-05-01,1985-10-01,1984-06-01,1985-11-01,0.0421469521948222,0.00112975300814893,0
"678",1984-06-01,1985-11-01,1984-07-01,1985-12-01,0.0162869474858265,0.000320734940120771,0
"679",1984-07-01,1985-12-01,1984-08-01,1986-01-01,0.0402009430002239,0,0
"680",1984-08-01,1986-01-01,1984-09-01,1986-02-01,0.00235691826621869,0.00190903429009995,0
"681",1984-09-01,1986-02-01,1984-10-01,1986-03-01,0.0523085128393194,0.00365708658785216,0
"682",1984-10-01,1986-03-01,1984-11-01,1986-04-01,0.0461820914660146,0.250038197196734,0
"683",1984-11-01,1986-04-01,1984-12-01,1986-05-01,0.00248810901042249,0,0
"684",1984-12-01,1986-05-01,1985-01-01,1986-06-01,0.151291131576039,0,0
"685",1985-01-01,1986-06-01,1985-02-01,1986-07-01,0.0313858417991501,0.253704351984202,0
"686",1985-02-01,1986-07-01,1985-03-01,1986-08-01,0.0332689558313616,5.23369129875434e-05,0
"687",1985-03-01,1986-08-01,1985-04-01,1986-09-01,0.11368629141916,7.34260436537234e-07,0
"688",1985-04-01,1986-09-01,1985-05-01,1986-10-01,0.0751340769295437,0.0040942518687782,0
"689",1985-05-01,1986-10-01,1985-06-01,1986-11-01,0.0770362338997675,0,0
"690",1985-06-01,1986-11-01,1985-07-01,1986-12-01,0.0218568726068918,5.16026525510062e-05,0
"691",1985-07-01,1986-12-01,1985-08-01,1987-01-01,0.058711057272452,0.0405816100191895,0
"692",1985-08-01,1987-01-01,1985-09-01,1987-02-01,0.0334870509413471,0.0405645025262001,0
"693",1985-09-01,1987-02-01,1985-10-01,1987-03-01,0.0933745639338616,0.0016684569280314,0
"694",1985-10-01,1987-03-01,1985-11-01,1987-04-01,0.0153606811185574,0.0210421098257488,0
"695",1985-11-01,1987-04-01,1985-12-01,1987-05-01,0.104121038966391,0.0310170750470908,0
"696",1985-12-01,1987-05-01,1986-01-01,1987-06-01,0.0539669688299505,0.000326685137577826,0
"697",1986-01-01,1987-06-01,1986-02-01,1987-07-01,0.0363083035673439,0,0
"698",1986-02-01,1987-07-01,1986-03-01,1987-08-01,0.00515557162927117,3.88573618580004e-08,0
"699",1986-03-01,1987-08-01,1986-04-01,1987-09-01,0.0200422371816966,3.88573618580004e-08,0
"700",1986-04-01,1987-09-01,1986-05-01,1987-10-01,1.34850877966512,0,0
"701",1986-05-01,1987-10-01,1986-06-01,1987-11-01,0.0549635848501022,0,0
"702",1986-06-01,1987-11-01,1986-07-01,1987-12-01,0.0441189659869075,0,0
"703",1986-07-01,1987-12-01,1986-08-01,1988-01-01,0.0336440579047963,8.51638328824152e-06,0
"704",1986-08-01,1988-01-01,1986-09-01,1988-02-01,0.040162208858015,0.00835261554731954,0
"705",1986-09-01,1988-02-01,1986-10-01,1988-03-01,0.0965591696300559,0.00106928035645753,0
"706",1986-10-01,1988-03-01,1986-11-01,1988-04-01,0.0474874890090528,0,0
"707",1986-11-01,1988-04-01,1986-12-01,1988-05-01,0.105032209592454,0,0
"708",1986-12-01,1988-05-01,1987-01-01,1988-06-01,0.000269001373644589,0.251060763973169,0
"709",1987-01-01,1988-06-01,1987-02-01,1988-07-01,0.0111608148513636,0.259835049764667,0
"710",1987-02-01,1988-07-01,1987-03-01,1988-08-01,0.0519800588544285,0.000742508964398908,0
"711",1987-03-01,1988-08-01,1987-04-01,1988-09-01,0.190670085823922,0.00229097470447674,0
"712",1987-04-01,1988-09-01,1987-05-01,1988-10-01,0.0401136334520932,0,0
"713",1987-05-01,1988-10-01,1987-06-01,1988-11-01,0.0152375448032883,0,0
"714",1987-06-01,1988-11-01,1987-07-01,1988-12-01,0.000886600768848952,0.0152452485848941,0
"715",1987-07-01,1988-12-01,1987-08-01,1989-01-01,0.0366893919916597,0.00106165165352768,0
"716",1987-08-01,1989-01-01,1987-09-01,1989-02-01,0.0266480375903849,0,0
"717",1987-09-01,1989-02-01,1987-10-01,1989-03-01,0.0538091868334231,0.0359066000493092,0
"718",1987-10-01,1989-03-01,1987-11-01,1989-04-01,0.022294308358769,0,0
"719",1987-11-01,1989-04-01,1987-12-01,1989-05-01,1.55713429204842,0,0
"720",1987-12-01,1989-05-01,1988-01-01,1989-06-01,0.0118660739357661,0,0
"721",1988-01-01,1989-06-01,1988-02-01,1989-07-01,0.0592114249318343,0,0
"722",1988-02-01,1989-07-01,1988-03-01,1989-08-01,0.0981664492619508,0,0
"723",1988-03-01,1989-08-01,1988-04-01,1989-09-01,0.0355261461352281,0.00318948101007002,0
"724",1988-04-01,1989-09-01,1988-05-01,1989-10-01,0.0610860991057929,0,0
"725",1988-05-01,1989-10-01,1988-06-01,1989-11-01,0.115572803751138,0.00113320275899007,0
"726",1988-06-01,1989-11-01,1988-07-01,1989-12-01,0.0375749887441217,0,0
"727",1988-07-01,1989-12-01,1988-08-01,1990-01-01,0.00615300737802778,0.273154048462274,0
"728",1988-08-01,1990-01-01,1988-09-01,1990-02-01,0.00583760550960065,0.250823579206019,0
"729",1988-09-01,1990-02-01,1988-10-01,1990-03-01,0.0153781718178831,0,0
"730",1988-10-01,1990-03-01,1988-11-01,1990-04-01,0.0407728657791281,0,0
"731",1988-11-01,1990-04-01,1988-12-01,1990-05-01,0.126750092955491,0.00082876218870574,0
"732",1988-12-01,1990-05-01,1989-01-01,1990-06-01,0.027388825391104,0,0
"733",1989-01-01,1990-06-01,1989-02-01,1990-07-01,0.052017048437784,0.00627254035398242,0
"734",1989-02-01,1990-07-01,1989-03-01,1990-08-01,0.38816119300096,1.09515355099149e-05,0
"735",1989-03-01,1990-08-01,1989-04-01,1990-09-01,0.0603916422321773,0,0
"736",1989-04-01,1990-09-01,1989-05-01,1990-10-01,0.063442255457491,0.00595235870170515,0
"737",1989-05-01,1990-10-01,1989-06-01,1990-11-01,0.00757380929534732,0.0195129595044499,0
"738",1989-06-01,1990-11-01,1989-07-01,1990-12-01,0.0334454995887299,0.00469335474166425,0
"739",1989-07-01,1990-12-01,1989-08-01,1991-01-01,0.0343206367771436,0.00196500900657952,0
"740",1989-08-01,1991-01-01,1989-09-01,1991-02-01,0.396605755276661,0,0
"741",1989-09-01,1991-02-01,1989-10-01,1991-03-01,0.0482121563901911,0.0538710976491646,0
"742",1989-10-01,1991-03-01,1989-11-01,1991-04-01,0.0179985414167686,0.0697508845031599,0
"743",1989-11-01,1991-04-01,1989-12-01,1991-05-01,0.507379880804828,0.0052716211194138,0
"744",1989-12-01,1991-05-01,1990-01-01,1991-06-01,0.0091913710849928,0,0
"745",1990-01-01,1991-06-01,1990-02-01,1991-07-01,0.0351905405475203,0.0139514469353374,0
"746",1990-02-01,1991-07-01,1990-03-01,1991-08-01,0.0925370016349414,0.00444808581693573,0
"747",1990-03-01,1991-08-01,1990-04-01,1991-09-01,0.00722409429898236,0.00175863697580812,0
"748",1990-04-01,1991-09-01,1990-05-01,1991-10-01,0.0597399215916857,4.73171026019853e-06,0
"749",1990-05-01,1991-10-01,1990-06-01,1991-11-01,0.00977887430095542,0.000122880314610013,0
"750",1990-06-01,1991-11-01,1990-07-01,1991-12-01,0.0124306563880477,0.00249433742055401,0
"751",1990-07-01,1991-12-01,1990-08-01,1992-01-01,0.38237881791423,0,0
"752",1990-08-01,1992-01-01,1990-09-01,1992-02-01,1.49792355110151,0,0
"753",1990-09-01,1992-02-01,1990-10-01,1992-03-01,0.0203325306192951,0,0
"754",1990-10-01,1992-03-01,1990-11-01,1992-04-01,0.0824434704278326,0.000784035431308656,0
"755",1990-11-01,1992-04-01,1990-12-01,1992-05-01,0.0118354957389499,0.0032877240471006,0
"756",1990-12-01,1992-05-01,1991-01-01,1992-06-01,0.17664024547465,3.79125612043496e-06,0
"757",1991-01-01,1992-06-01,1991-02-01,1992-07-01,0.01539867271703,0,0
"758",1991-02-01,1992-07-01,1991-03-01,1992-08-01,0.263731820323217,0,0
"759",1991-03-01,1992-08-01,1991-04-01,1992-09-01,0.0153113560221708,0.000132532733972175,0
"760",1991-04-01,1992-09-01,1991-05-01,1992-10-01,0.0439031250614976,0.0013041650109907,0
"761",1991-05-01,1992-10-01,1991-06-01,1992-11-01,0.0192562944337763,0,0
"762",1991-06-01,1992-11-01,1991-07-01,1992-12-01,0.0170132756288771,2.29934553738762e-05,0
"763",1991-07-01,1992-12-01,1991-08-01,1993-01-01,0.0105035787296969,0.00153050660158702,0
"764",1991-08-01,1993-01-01,1991-09-01,1993-02-01,0.0166446118172571,0.00144943072624638,0
"765",1991-09-01,1993-02-01,1991-10-01,1993-03-01,0.0138217704628455,0.00330329521626567,0
"766",1991-10-01,1993-03-01,1991-11-01,1993-04-01,0.0210580595254963,0,0
"767",1991-11-01,1993-04-01,1991-12-01,1993-05-01,0.135809161091539,0.00330647318479759,0
"768",1991-12-01,1993-05-01,1992-01-01,1993-06-01,0.0163205921972386,3.17796853191745e-06,0
"769",1992-01-01,1993-06-01,1992-02-01,1993-07-01,0.313015720453718,0.00117092082487664,0
"770",1992-02-01,1993-07-01,1992-03-01,1993-08-01,0.0204417027313302,0.00279155858192402,0
"771",1992-03-01,1993-08-01,1992-04-01,1993-09-01,0.0389969704813118,0,0
"772",1992-04-01,1993-09-01,1992-05-01,1993-10-01,0.0211140397328345,0.00196710673515625,0
"773",1992-05-01,1993-10-01,1992-06-01,1993-11-01,0.0253637330275712,0.00465722627820508,0
"774",1992-06-01,1993-11-01,1992-07-01,1993-12-01,0.0315072364012231,0,0
"775",1992-07-01,1993-12-01,1992-08-01,1994-01-01,0.014179196101596,0,0
"776",1992-08-01,1994-01-01,1992-09-01,1994-02-01,0.0076086271162951,0.000581089897835822,0
"777",1992-09-01,1994-02-01,1992-10-01,1994-03-01,0.00811063833966261,0,0
"778",1992-10-01,1994-03-01,1992-11-01,1994-04-01,0.0769915447742167,0,0
"779",1992-11-01,1994-04-01,1992-12-01,1994-05-01,0.0197491283641887,0.250812388100826,0
"780",1992-12-01,1994-05-01,1993-01-01,1994-06-01,0.00707099451230137,0,0
"781",1993-01-01,1994-06-01,1993-02-01,1994-07-01,0.0233065066865934,0,0
"782",1993-02-01,1994-07-01,1993-03-01,1994-08-01,0.0196479114373363,0.250001635304069,0
"783",1993-03-01,1994-08-01,1993-04-01,1994-09-01,0.0137576254804767,0,0
"784",1993-04-01,1994-09-01,1993-05-01,1994-10-01,0.0236175077793209,3.29258711955436e-05,0
"785",1993-05-01,1994-10-01,1993-06-01,1994-11-01,0.0402216386748495,0.00193402255269436,0
"786",1993-06-01,1994-11-01,1993-07-01,1994-12-01,0.00989184365560879,0,0
"787",1993-07-01,1994-12-01,1993-08-01,1995-01-01,0.0828913204715279,0.00021454307171694,0
"788",1993-08-01,1995-01-01,1993-09-01,1995-02-01,0.316171104326086,1.6353040687339e-06,0
"789",1993-09-01,1995-02-01,1993-10-01,1995-03-01,0.503874901947224,0,0
"790",1993-10-01,1995-03-01,1993-11-01,1995-04-01,0.0116283516244225,0,0
"791",1993-11-01,1995-04-01,1993-12-01,1995-05-01,0.00447599919205733,5.78589067026973e-06,0
"792",1993-12-01,1995-05-01,1994-01-01,1995-06-01,0.0119764749656115,0,0
"793",1994-01-01,1995-06-01,1994-02-01,1995-07-01,0.00378813798072152,0,0
"794",1994-02-01,1995-07-01,1994-03-01,1995-08-01,0.000719247449696651,0.00366573472696609,0
"795",1994-03-01,1995-08-01,1994-04-01,1995-09-01,0.00922269508746257,5.78589067026973e-06,0
"796",1994-04-01,1995-09-01,1994-05-01,1995-10-01,0.0354780443522355,0.000356847590272915,0
"797",1994-05-01,1995-10-01,1994-06-01,1995-11-01,0.00735875710830102,0.000356847590272915,0
"798",1994-06-01,1995-11-01,1994-07-01,1995-12-01,0.0156215425476561,3.29258711955436e-05,0
"799",1994-07-01,1995-12-01,1994-08-01,1996-01-01,0.0504601321304989,0,0
"800",1994-08-01,1996-01-01,1994-09-01,1996-02-01,0.0740203131923037,0.251540158605272,0
"801",1994-09-01,1996-02-01,1994-10-01,1996-03-01,0.0154945436519471,0.250380671541812,0
"802",1994-10-01,1996-03-01,1994-11-01,1996-04-01,0.00440734211593157,0.000413200819478342,0
"803",1994-11-01,1996-04-01,1994-12-01,1996-05-01,0.0079425772086309,5.49868021835099e-05,0
"804",1994-12-01,1996-05-01,1995-01-01,1996-06-01,0.00582481543433195,0.0012001356159666,0
"805",1995-01-01,1996-06-01,1995-02-01,1996-07-01,0.0645134043773846,2.89617279747771e-05,0
"806",1995-02-01,1996-07-01,1995-03-01,1996-08-01,0.00779245963501624,0,0
"807",1995-03-01,1996-08-01,1995-04-01,1996-09-01,0.00966607627239896,0.000702668323051519,0
"808",1995-04-01,1996-09-01,1995-05-01,1996-10-01,0.0412270746920723,0,0
"809",1995-05-01,1996-10-01,1995-06-01,1996-11-01,0.0216085856604496,0.000702668323051519,0
"810",1995-06-01,1996-11-01,1995-07-01,1996-12-01,0.0152852238325052,0,0
"811",1995-07-01,1996-12-01,1995-08-01,1997-01-01,0.0316196188578732,0,0
"812",1995-08-01,1997-01-01,1995-09-01,1997-02-01,0.0153513764648408,0.000352987738838187,0
"813",1995-09-01,1997-02-01,1995-10-01,1997-03-01,0.0596468891093456,0.0021419876854191,0
"814",1995-10-01,1997-03-01,1995-11-01,1997-04-01,0.00985350647132325,0.0011762995416455,0
"815",1995-11-01,1997-04-01,1995-12-01,1997-05-01,0.0578367109739348,0,0
"816",1995-12-01,1997-05-01,1996-01-01,1997-06-01,0.0107614576071436,0,0
"817",1996-01-01,1997-06-01,1996-02-01,1997-07-01,0.0033052748676219,0,0
"818",1996-02-01,1997-07-01,1996-03-01,1997-08-01,0.0535378230994084,0.000556759006867997,0
"819",1996-03-01,1997-08-01,1996-04-01,1997-09-01,0.0420280017543748,0.00268598703831274,0
"820",1996-04-01,1997-09-01,1996-05-01,1997-10-01,0.00243020375418866,0.000872320693350993,0
"821",1996-05-01,1997-10-01,1996-06-01,1997-11-01,0.0887632376943703,0.000242159051298657,0
"822",1996-06-01,1997-11-01,1996-07-01,1997-12-01,0.0650938765490038,0,0
"823",1996-07-01,1997-12-01,1996-08-01,1998-01-01,0.0264386616131134,0.000815122855361804,0
"824",1996-08-01,1998-01-01,1996-09-01,1998-02-01,0.0625039525624934,0.000247563793115,0
"825",1996-09-01,1998-02-01,1996-10-01,1998-03-01,0.0331085190561242,0.00171240000497821,0
"826",1996-10-01,1998-03-01,1996-11-01,1998-04-01,0.0318970306899801,0.0124843209845158,0
"827",1996-11-01,1998-04-01,1996-12-01,1998-05-01,0.0357690513192638,0.00463009726130162,0
"828",1996-12-01,1998-05-01,1997-01-01,1998-06-01,0.0795108671354095,0.00553873776044278,0
"829",1997-01-01,1998-06-01,1997-02-01,1998-07-01,0.0319615284357265,0.0157108402941758,0
"830",1997-02-01,1998-07-01,1997-03-01,1998-08-01,0.288445127000948,0.0264431041898688,0
"831",1997-03-01,1998-08-01,1997-04-01,1998-09-01,0.116152572612384,0,0
"832",1997-04-01,1998-09-01,1997-05-01,1998-10-01,0.180549906764622,0.0129722306106071,0
"833",1997-05-01,1998-10-01,1997-06-01,1998-11-01,0.0921002776813422,0,0
"834",1997-06-01,1998-11-01,1997-07-01,1998-12-01,0.00941784304530706,0.00877094246045428,0
"835",1997-07-01,1998-12-01,1997-08-01,1999-01-01,0.0681592683195488,0.00841038754472225,0
"836",1997-08-01,1999-01-01,1997-09-01,1999-02-01,0.00821819796725039,0,0
"837",1997-09-01,1999-02-01,1997-10-01,1999-03-01,0.0239946192738193,4.85885945508206e-05,0
"838",1997-10-01,1999-03-01,1997-11-01,1999-04-01,0.0693987659794344,0.00069152269829248,0
"839",1997-11-01,1999-04-01,1997-12-01,1999-05-01,0.153353892930257,0,0
"840",1997-12-01,1999-05-01,1998-01-01,1999-06-01,0.0210106163826656,0,0
"841",1998-01-01,1999-06-01,1998-02-01,1999-07-01,0.00825682902399305,0,0
"842",1998-02-01,1999-07-01,1998-03-01,1999-08-01,0.206078595195649,0.0212581198162816,0
"843",1998-03-01,1999-08-01,1998-04-01,1999-09-01,0.106899025072283,0.000924988293686578,0
"844",1998-04-01,1999-09-01,1998-05-01,1999-10-01,3.28486029017146,0.000160733525935415,0
"845",1998-05-01,1999-10-01,1998-06-01,1999-11-01,0.168863213362403,0,0
"846",1998-06-01,1999-11-01,1998-07-01,1999-12-01,0.011526473401299,0.00415333044455532,0
"847",1998-07-01,1999-12-01,1998-08-01,2000-01-01,0.00965659580622715,0,0
"848",1998-08-01,2000-01-01,1998-09-01,2000-02-01,0.532005863065812,0,0
"849",1998-09-01,2000-02-01,1998-10-01,2000-03-01,0.0418446441076792,0.000924988293686578,0
"850",1998-10-01,2000-03-01,1998-11-01,2000-04-01,0.0596842188405252,0.00174525629388179,0
"851",1998-11-01,2000-04-01,1998-12-01,2000-05-01,0.129494781716257,0,0
"852",1998-12-01,2000-05-01,1999-01-01,2000-06-01,0.0693696584829617,7.47882616690519e-05,0
"853",1999-01-01,2000-06-01,1999-02-01,2000-07-01,0.0451822754336731,0.011670672144753,0
"854",1999-02-01,2000-07-01,1999-03-01,2000-08-01,0.0198793326086145,0.000124122735960196,0
"855",1999-03-01,2000-08-01,1999-04-01,2000-09-01,0.0213116689927419,0.00911376528859976,0
"856",1999-04-01,2000-09-01,1999-05-01,2000-10-01,0.0369072176537949,5.66530910194997e-05,0
"857",1999-05-01,2000-10-01,1999-06-01,2000-11-01,0.00608848419705203,0.00165617975905481,0
"858",1999-06-01,2000-11-01,1999-07-01,2000-12-01,0.0394731921766909,0.00617809385480635,0
"859",1999-07-01,2000-12-01,1999-08-01,2001-01-01,0.0454919733997645,0,0
"860",1999-08-01,2001-01-01,1999-09-01,2001-02-01,0.00797112328105502,0.00617809385480635,0
"861",1999-09-01,2001-02-01,1999-10-01,2001-03-01,0.162176306547211,0.00142312761616064,0
"862",1999-10-01,2001-03-01,1999-11-01,2001-04-01,2.18317586875487,0,0
"863",1999-11-01,2001-04-01,1999-12-01,2001-05-01,0.0231439591729108,0,0
"864",1999-12-01,2001-05-01,2000-01-01,2001-06-01,0.00815020802062667,0.00033869045361395,0
"865",2000-01-01,2001-06-01,2000-02-01,2001-07-01,0.0621491975871341,0.00228614775959914,0
"866",2000-02-01,2001-07-01,2000-03-01,2001-08-01,0.0912613931016835,0.000646295405728997,0
"867",2000-03-01,2001-08-01,2000-04-01,2001-09-01,0.0110646137083215,0,0
"868",2000-04-01,2001-09-01,2000-05-01,2001-10-01,0.0346635060244367,0,0
"869",2000-05-01,2001-10-01,2000-06-01,2001-11-01,0.0263745222024732,0.250338690453614,0
"870",2000-06-01,2001-11-01,2000-07-01,2001-12-01,0.194036436456484,0,0
"871",2000-07-01,2001-12-01,2000-08-01,2002-01-01,0.0490750593699494,0.251847853509379,0
"872",2000-08-01,2002-01-01,2000-09-01,2002-02-01,0.0446768508852201,0,0
"873",2000-09-01,2002-02-01,2000-10-01,2002-03-01,0.0156750831153872,0.00763366866782665,0
"874",2000-10-01,2002-03-01,2000-11-01,2002-04-01,0.146916111029754,0,0
"875",2000-11-01,2002-04-01,2000-12-01,2002-05-01,0.0303188027724722,0,0
"876",2000-12-01,2002-05-01,2001-01-01,2002-06-01,0.140738297192183,0,0
"877",2001-01-01,2002-06-01,2001-02-01,2002-07-01,0.0322377913437249,0,0
"878",2001-02-01,2002-07-01,2001-03-01,2002-08-01,0.0202916066586379,0.00140125842277023,0
"879",2001-03-01,2002-08-01,2001-04-01,2002-09-01,0.561301555516818,0,0
"880",2001-04-01,2002-09-01,2001-05-01,2002-10-01,0.0135460613183885,0.00140125842277023,0
"881",2001-05-01,2002-10-01,2001-06-01,2002-11-01,0.504841351048245,0,0
"882",2001-06-01,2002-11-01,2001-07-01,2002-12-01,0.0667260671259289,0,0
"883",2001-07-01,2002-12-01,2001-08-01,2003-01-01,0.108149236030697,0,0
"884",2001-08-01,2003-01-01,2001-09-01,2003-02-01,0.0409312657675883,0.255785815158447,0
"885",2001-09-01,2003-02-01,2001-10-01,2003-03-01,0.183370242941679,0,0
"886",2001-10-01,2003-03-01,2001-11-01,2003-04-01,0.0434575412725743,0,0
"887",2001-11-01,2003-04-01,2001-12-01,2003-05-01,0.170189585560415,0.250623822364066,0
"888",2001-12-01,2003-05-01,2002-01-01,2003-06-01,0.0617637736626595,0,0
"889",2002-01-01,2003-06-01,2002-02-01,2003-07-01,0.0382317245364239,0.00154658697287006,0
"890",2002-02-01,2003-07-01,2002-03-01,2003-08-01,0.0200003253394507,0,0
"891",2002-03-01,2003-08-01,2002-04-01,2003-09-01,0.152021690140546,0.00254787215185015,0
"892",2002-04-01,2003-09-01,2002-05-01,2003-10-01,0.076851493307333,0.00101127465466251,0
"893",2002-05-01,2003-10-01,2002-06-01,2003-11-01,0.023253443864044,0.0015098381747604,0
"894",2002-06-01,2003-11-01,2002-07-01,2003-12-01,0.00991087682918238,0,0
"895",2002-07-01,2003-12-01,2002-08-01,2004-01-01,0.252235855260781,0.00139717082716082,0
"896",2002-08-01,2004-01-01,2002-09-01,2004-02-01,0.054913540235929,1.57969339741146e-05,0
"897",2002-09-01,2004-02-01,2002-10-01,2004-03-01,0.0612748365923443,0.00121294169062058,0
"898",2002-10-01,2004-03-01,2002-11-01,2004-04-01,0.0412553084067456,8.30575330641267e-05,0
"899",2002-11-01,2004-04-01,2002-12-01,2004-05-01,0.0655255888624149,0,0
"900",2002-12-01,2004-05-01,2003-01-01,2004-06-01,0.0191902817421605,0.00684762569816344,0
"901",2003-01-01,2004-06-01,2003-02-01,2004-07-01,0.0513965996036935,0,0
"902",2003-02-01,2004-07-01,2003-03-01,2004-08-01,0.15544062536344,0.000588247020593026,0
"903",2003-03-01,2004-08-01,2003-04-01,2004-09-01,0.177946699448235,0.0104428366401484,0
"904",2003-04-01,2004-09-01,2003-05-01,2004-10-01,0.130801728957368,8.13625566590295e-05,0
"905",2003-05-01,2004-10-01,2003-06-01,2004-11-01,0.107648925814548,0.00142290603970494,0
"906",2003-06-01,2004-11-01,2003-07-01,2004-12-01,0.000606626710583733,0,0
"907",2003-07-01,2004-12-01,2003-08-01,2005-01-01,0.13859869908333,0,0
"908",2003-08-01,2005-01-01,2003-09-01,2005-02-01,0.0192396243738488,0.00591382934223467,0
"909",2003-09-01,2005-02-01,2003-10-01,2005-03-01,0.0150416125786445,0.00550329399639886,0
"910",2003-10-01,2005-03-01,2003-11-01,2005-04-01,0.00932802963487959,0.00359666714071897,0
"911",2003-11-01,2005-04-01,2003-12-01,2005-05-01,0.0136444881428217,0.0132750991077294,0
"912",2003-12-01,2005-05-01,2004-01-01,2005-06-01,0.00430342420343337,0.0127011382132265,0
"913",2004-01-01,2005-06-01,2004-02-01,2005-07-01,0.0184070471068719,0,0
"914",2004-02-01,2005-07-01,2004-03-01,2005-08-01,0.0328470313720339,5.53429332089963e-06,0
"915",2004-03-01,2005-08-01,2004-04-01,2005-09-01,0.104019192057924,0,0
"916",2004-04-01,2005-09-01,2004-05-01,2005-10-01,0.0274299893614263,0.013050353219205,0
"917",2004-05-01,2005-10-01,2004-06-01,2005-11-01,1.23416197611513e-05,0,0
"918",2004-06-01,2005-11-01,2004-07-01,2005-12-01,0.0846778689873848,0.00277554345563916,0
"919",2004-07-01,2005-12-01,2004-08-01,2006-01-01,0.0270278289867502,0.00364749856629351,0
"920",2004-08-01,2006-01-01,2004-09-01,2006-02-01,0.0281386198947923,0.00303583026248847,0
"921",2004-09-01,2006-02-01,2004-10-01,2006-03-01,0.00375113265746192,0.00307498086400141,0
"922",2004-10-01,2006-03-01,2004-11-01,2006-04-01,0.0134565622335442,0.00277554345563916,0
"923",2004-11-01,2006-04-01,2004-12-01,2006-05-01,0.0950121046305028,0,0
"924",2004-12-01,2006-05-01,2005-01-01,2006-06-01,1.29943477477626,0,0
"925",2005-01-01,2006-06-01,2005-02-01,2006-07-01,0.711776513828669,0,0
"926",2005-02-01,2006-07-01,2005-03-01,2006-08-01,0.00514457184622282,0,0
"927",2005-03-01,2006-08-01,2005-04-01,2006-09-01,0.801769661338427,0.00301643404887122,0
"928",2005-04-01,2006-09-01,2005-05-01,2006-10-01,0.059053851140767,0,0
"929",2005-05-01,2006-10-01,2005-06-01,2006-11-01,0.00518596822665787,0,0
"930",2005-06-01,2006-11-01,2005-07-01,2006-12-01,0.00849086911623245,0.250007458785077,0
"931",2005-07-01,2006-12-01,2005-08-01,2007-01-01,0.0153905833410499,0,0
"932",2005-08-01,2007-01-01,2005-09-01,2007-02-01,0.097860573858073,0.256589525457591,0
"933",2005-09-01,2007-02-01,2005-10-01,2007-03-01,0.0275700230149279,0.000414815372775228,0
"934",2005-10-01,2007-03-01,2005-11-01,2007-04-01,0.159881875165514,0.256174710084816,0
"935",2005-11-01,2007-04-01,2005-12-01,2007-05-01,0.0785269483150585,0,0
"936",2005-12-01,2007-05-01,2006-01-01,2007-06-01,0.0580939500125197,0,0
"937",2006-01-01,2007-06-01,2006-02-01,2007-07-01,0.0118760308392158,0,0
"938",2006-02-01,2007-07-01,2006-03-01,2007-08-01,0.0260315779447883,0,0
"939",2006-03-01,2007-08-01,2006-04-01,2007-09-01,0.0146088283698122,0,0
"940",2006-04-01,2007-09-01,2006-05-01,2007-10-01,0.0730775990505734,0,0
"941",2006-05-01,2007-10-01,2006-06-01,2007-11-01,0.0750699069132699,0.252066947992186,0
"942",2006-06-01,2007-11-01,2006-07-01,2007-12-01,1.00616380261544,0,0
"943",2006-07-01,2007-12-01,2006-08-01,2008-01-01,0.155628971610294,0,0
"944",2006-08-01,2008-01-01,2006-09-01,2008-02-01,0.192107232212636,0.00376416757348101,0
"945",2006-09-01,2008-02-01,2006-10-01,2008-03-01,0.122070730540969,0,0
"946",2006-10-01,2008-03-01,2006-11-01,2008-04-01,0.133273184740722,0,0
"947",2006-11-01,2008-04-01,2006-12-01,2008-05-01,0.0317936266515133,0.00052903817755025,0
"948",2006-12-01,2008-05-01,2007-01-01,2008-06-01,0.031701062714648,6.87956156980081e-05,0
"949",2007-01-01,2008-06-01,2007-02-01,2008-07-01,0.0446301522674942,0,0
"950",2007-02-01,2008-07-01,2007-03-01,2008-08-01,0.240705288888781,0.00434823091187085,0
"951",2007-03-01,2008-08-01,2007-04-01,2008-09-01,1.06158231303164,3.68698416382474e-05,0
"952",2007-04-01,2008-09-01,2007-05-01,2008-10-01,5.0311517566403,0.00265101133057615,0
"953",2007-05-01,2008-10-01,2007-06-01,2008-11-01,1.58794262124441,0.00052903817755025,0
"954",2007-06-01,2008-11-01,2007-07-01,2008-12-01,0.262675788064411,0.250128376589251,0
"955",2007-07-01,2008-12-01,2007-08-01,2009-01-01,0.211413317134657,0,0
"956",2007-08-01,2009-01-01,2007-09-01,2009-02-01,0.0028607741827982,0,0
"957",2007-09-01,2009-02-01,2007-10-01,2009-03-01,0.786762680001415,0.252983817342331,0
"958",2007-10-01,2009-03-01,2007-11-01,2009-04-01,0.101081321833966,0,0
"959",2007-11-01,2009-04-01,2007-12-01,2009-05-01,0.181284993193435,0,0
"960",2007-12-01,2009-05-01,2008-01-01,2009-06-01,0.197771060234252,0,0
"961",2008-01-01,2009-06-01,2008-02-01,2009-07-01,0.144270792039247,0.0086619223632902,0
"962",2008-02-01,2009-07-01,2008-03-01,2009-08-01,0.278452638412442,0.00194613943565215,0
"963",2008-03-01,2009-08-01,2008-04-01,2009-09-01,0.116621088588111,0.0205167850334364,0
"964",2008-04-01,2009-09-01,2008-05-01,2009-10-01,0.85954939656417,0.00194613943565215,0
"965",2008-05-01,2009-10-01,2008-06-01,2009-11-01,0.306542373747994,0.000940807188677522,0
"966",2008-06-01,2009-11-01,2008-07-01,2009-12-01,0.353266507892225,0.0195005077553952,0
"967",2008-07-01,2009-12-01,2008-08-01,2010-01-01,0.197670004082783,0.00133530999394008,0
"968",2008-08-01,2010-01-01,2008-09-01,2010-02-01,1.36984722487154,0.00393821394403661,0
"969",2008-09-01,2010-02-01,2008-10-01,2010-03-01,0.289275612590734,0.0133163995834122,0
"970",2008-10-01,2010-03-01,2008-11-01,2010-04-01,2.4622421256166,0.00143649926538323,0
"971",2008-11-01,2010-04-01,2008-12-01,2010-05-01,0.0657643842996877,0.00779146850675747,0
"972",2008-12-01,2010-05-01,2009-01-01,2010-06-01,0.220859129691794,0.00886498792211694,0
"973",2009-01-01,2010-06-01,2009-02-01,2010-07-01,0.259758095967284,0.252026484207958,0
"974",2009-02-01,2010-07-01,2009-03-01,2010-08-01,0.229606434465792,0.259720491089332,0
"975",2009-03-01,2010-08-01,2009-04-01,2010-09-01,0.210672846428373,0,0
"976",2009-04-01,2010-09-01,2009-05-01,2010-10-01,0.855873441619418,0,0
"977",2009-05-01,2010-10-01,2009-06-01,2010-11-01,0.0583032676814821,2.35726256876915e-05,0
"978",2009-06-01,2010-11-01,2009-07-01,2010-12-01,0.0199081548657156,2.03949959600852e-05,0
"979",2009-07-01,2010-12-01,2009-08-01,2011-01-01,0.0689798811221616,0,0
"980",2009-08-01,2011-01-01,2009-09-01,2011-02-01,0.00261999839859678,1.01749886004332e-06,0
"981",2009-09-01,2011-02-01,2009-10-01,2011-03-01,0.0693149235563711,0,0
"982",2009-10-01,2011-03-01,2009-11-01,2011-04-01,0.0332542475532913,0.000175191607563563,0
"983",2009-11-01,2011-04-01,2009-12-01,2011-05-01,0.0787235154361382,0,0
"984",2009-12-01,2011-05-01,2010-01-01,2011-06-01,0.0161334209706456,0.0761114298147877,0
"985",2010-01-01,2011-06-01,2010-02-01,2011-07-01,0.0733597511410603,0.0106998542827166,0
"986",2010-02-01,2011-07-01,2010-03-01,2011-08-01,0.988483405383233,0.0565926001081063,0
"987",2010-03-01,2011-08-01,2010-04-01,2011-09-01,0.00734257309304575,0.00982039998844901,0
"988",2010-04-01,2011-09-01,2010-05-01,2011-10-01,0.109002909995472,0,0
"989",2010-05-01,2011-10-01,2010-06-01,2011-11-01,0.872752522046084,0,0
"990",2010-06-01,2011-11-01,2010-07-01,2011-12-01,0.0949428814393208,0.00601204550334456,0
"991",2010-07-01,2011-12-01,2010-08-01,2012-01-01,0.0774405333962383,0.00382027991894254,0
"992",2010-08-01,2012-01-01,2010-09-01,2012-02-01,0.00936072303959214,0,0
"993",2010-09-01,2012-02-01,2010-10-01,2012-03-01,0.125831451931986,5.36488879691164e-05,0
"994",2010-10-01,2012-03-01,2010-11-01,2012-04-01,0.0265374972723557,0.0135942585487974,0
"995",2010-11-01,2012-04-01,2010-12-01,2012-05-01,0.103336742919137,5.63020806727588e-06,0
"996",2010-12-01,2012-05-01,2011-01-01,2012-06-01,0.0414699485298479,6.29522577080217e-06,0
"997",2011-01-01,2012-06-01,2011-02-01,2012-07-01,0.0264006843293097,0.0159931920021479,0
"998",2011-02-01,2012-07-01,2011-03-01,2012-08-01,0.00260243356835356,0,0
"999",2011-03-01,2012-08-01,2011-04-01,2012-09-01,0.0266732470355777,0,0
"1000",2011-04-01,2012-09-01,2011-05-01,2012-10-01,0.00698069459068864,0.00516581173094207,0
"1001",2011-05-01,2012-10-01,2011-06-01,2012-11-01,0.0393716262227454,0.00298960387556664,0
"1002",2011-06-01,2012-11-01,2011-07-01,2012-12-01,0.140148154033279,0.00190242074662458,0
"1003",2011-07-01,2012-12-01,2011-08-01,2013-01-01,0.0386244403661623,0,0
"1004",2011-08-01,2013-01-01,2011-09-01,2013-02-01,2.91715392872508,0,0
"1005",2011-09-01,2013-02-01,2011-10-01,2013-03-01,0.00276103251306975,0,0
"1006",2011-10-01,2013-03-01,2011-11-01,2013-04-01,0.011989152279527,0,0
"1007",2011-11-01,2013-04-01,2011-12-01,2013-05-01,0.0223690761879548,0,0
"1008",2011-12-01,2013-05-01,2012-01-01,2013-06-01,0.00921115491019354,0.00917666826453986,0
"1009",2012-01-01,2013-06-01,2012-02-01,2013-07-01,0.0595472687603256,0.00233644397698156,0
"1010",2012-02-01,2013-07-01,2012-03-01,2013-08-01,0.0722439921819342,0,0
"1011",2012-03-01,2013-08-01,2012-04-01,2013-09-01,0.028290166791805,0.0020353497245317,0
"1012",2012-04-01,2013-09-01,2012-05-01,2013-10-01,0.00649310185434005,0.0144156043891092,0
"1013",2012-05-01,2013-10-01,2012-06-01,2013-11-01,0.0449914611106345,0.035603335170076,0
"1014",2012-06-01,2013-11-01,2012-07-01,2013-12-01,0.0167809934995321,0.0021436578083604,0
"1015",2012-07-01,2013-12-01,2012-08-01,2014-01-01,0.0557032279250989,0.00280838641501264,0
"1016",2012-08-01,2014-01-01,2012-09-01,2014-02-01,0.0160293042582203,0.00280838641501264,0
"1017",2012-09-01,2014-02-01,2012-10-01,2014-03-01,0.00891240237015223,0,0
"1018",2012-10-01,2014-03-01,2012-11-01,2014-04-01,0.014953979139309,0.00203457825588235,0
"1019",2012-11-01,2014-04-01,2012-12-01,2014-05-01,0.0616875198877637,0,0
"1020",2012-12-01,2014-05-01,2013-01-01,2014-06-01,0.0122498870519624,0.00022523931468138,0
"1021",2013-01-01,2014-06-01,2013-02-01,2014-07-01,0.0494674426628452,0,0
"1022",2013-02-01,2014-07-01,2013-03-01,2014-08-01,0.0197578996016535,0.00113695936053747,0
"1023",2013-03-01,2014-08-01,2013-04-01,2014-09-01,0.0335699906438269,0.00081998382974544,0
"1024",2013-04-01,2014-09-01,2013-05-01,2014-10-01,0.00176379119290149,0,0
"1025",2013-05-01,2014-10-01,2013-06-01,2014-11-01,0.00474730150395467,0,0
"1026",2013-06-01,2014-11-01,2013-07-01,2014-12-01,0.026073000806523,0,0
"1027",2013-07-01,2014-12-01,2013-08-01,2015-01-01,0.0255197238024824,0.00115483251328618,0
"1028",2013-08-01,2015-01-01,2013-09-01,2015-02-01,0.00750319604002929,3.25159492311441e-06,0
"1029",2013-09-01,2015-02-01,2013-10-01,2015-03-01,0.0225384061198237,0,0
"1030",2013-10-01,2015-03-01,2013-11-01,2015-04-01,0.0311370490038493,0.00705631757160674,0
"1031",2013-11-01,2015-04-01,2013-12-01,2015-05-01,0.0152849238060951,0.00644533334450006,0
"1032",2013-12-01,2015-05-01,2014-01-01,2015-06-01,0.00555245670524436,0.00104802171083025,0
"1033",2014-01-01,2015-06-01,2014-02-01,2015-07-01,0.0440422988276915,0,0
"1034",2014-02-01,2015-07-01,2014-03-01,2015-08-01,0.0273468691547491,0,0
"1035",2014-03-01,2015-08-01,2014-04-01,2015-09-01,0.0132992656139238,2.40032503779893e-06,0
"1036",2014-04-01,2015-09-01,2014-05-01,2015-10-01,0.0616818395289794,0,0
"1037",2014-05-01,2015-10-01,2014-06-01,2015-11-01,0.044201201126916,0,0
"1038",2014-06-01,2015-11-01,2014-07-01,2015-12-01,0.0329529985279626,0.000941939067186227,0
"1039",2014-07-01,2015-12-01,2014-08-01,2016-01-01,0.0282915000644764,0,0
"1040",2014-08-01,2016-01-01,2014-09-01,2016-02-01,0.159578289029101,0,0
"1041",2014-09-01,2016-02-01,2014-10-01,2016-03-01,0.0323457454422277,0.000857740203966896,0
"1042",2014-10-01,2016-03-01,2014-11-01,2016-04-01,0.0802713590656584,0,0
"1043",2014-11-01,2016-04-01,2014-12-01,2016-05-01,0.0671470955839249,0.250860140529005,0
"1044",2014-12-01,2016-05-01,2015-01-01,2016-06-01,0.0126605388257701,0.250274255354673,0
"1045",2015-01-01,2016-06-01,2015-02-01,2016-07-01,0.020453953153069,0,0
"1046",2015-02-01,2016-07-01,2015-03-01,2016-08-01,0.0532651423240674,0.000322307074639055,0
"1047",2015-03-01,2016-08-01,2015-04-01,2016-09-01,0.0841048930538923,0,0
"1048",2015-04-01,2016-09-01,2015-05-01,2016-10-01,0.0122190082141467,0,0
"1049",2015-05-01,2016-10-01,2015-06-01,2016-11-01,0.038520181700776,0.250048051719966,0
"1050",2015-06-01,2016-11-01,2015-07-01,2016-12-01,0.070658234977549,0.251164376332735,0
"1051",2015-07-01,2016-12-01,2015-08-01,2017-01-01,0.0448216345215968,0.251164376332735,0
"1052",2015-08-01,2017-01-01,2015-09-01,2017-02-01,0.253333484876686,0,0
"1053",2015-09-01,2017-02-01,2015-10-01,2017-03-01,0.28026756933644,0,0
"1054",2015-10-01,2017-03-01,2015-11-01,2017-04-01,0.0315187293964327,0,0
"1055",2015-11-01,2017-04-01,2015-12-01,2017-05-01,0.0993999969695767,0,0
"1056",2015-12-01,2017-05-01,2016-01-01,2017-06-01,0.0132361586358348,0.250003676506252,0
"1057",2016-01-01,2017-06-01,2016-02-01,2017-07-01,0.314301096426298,0,0
"1058",2016-02-01,2017-07-01,2016-03-01,2017-08-01,0.263662861295131,0,0
"1059",2016-03-01,2017-08-01,2016-04-01,2017-09-01,0.081308482951775,0,0
"1060",2016-04-01,2017-09-01,2016-05-01,2017-10-01,0.0260931910990605,0.250003676506252,0
"1061",2016-05-01,2017-10-01,2016-06-01,2017-11-01,0.0257923913097189,0,0
"1062",2016-06-01,2017-11-01,2016-07-01,2017-12-01,0.00384959100503711,0,0
"1063",2016-07-01,2017-12-01,2016-08-01,2018-01-01,0.0529413430163162,0,0
"1064",2016-08-01,2018-01-01,2016-09-01,2018-02-01,0.0869284792104485,0,0
"1065",2016-09-01,2018-02-01,2016-10-01,2018-03-01,0.0437713567366614,0,0
"1066",2016-10-01,2018-03-01,2016-11-01,2018-04-01,0.0144428018127924,0.251161055258569,0
"1067",2016-11-01,2018-04-01,2016-12-01,2018-05-01,0.00690589624734764,0.000741382177524068,0
"1068",2016-12-01,2018-05-01,2017-01-01,2018-06-01,0.219912505098131,0,0
"1069",2017-01-01,2018-06-01,2017-02-01,2018-07-01,0.0417306575433322,0,0
"1070",2017-02-01,2018-07-01,2017-03-01,2018-08-01,0.140240473961817,0.000128176073447085,0
"1071",2017-03-01,2018-08-01,2017-04-01,2018-09-01,0.0127945569874659,0.000469907430447035,0
"1072",2017-04-01,2018-09-01,2017-05-01,2018-10-01,0.305814348142742,5.02343494017686e-05,0
"1073",2017-05-01,2018-10-01,2017-06-01,2018-11-01,0.0457113240830079,0.00154456997099974,0
"1074",2017-06-01,2018-11-01,2017-07-01,2018-12-01,0.17950289684568,0,0
"1075",2017-07-01,2018-12-01,2017-08-01,2019-01-01,0.115337513621692,0.251416393897553,0
"1076",2017-08-01,2019-01-01,2017-09-01,2019-02-01,0.0557057458776467,0.253628161937919,0
"1077",2017-09-01,2019-02-01,2017-10-01,2019-03-01,0.0900236051442501,0.00633730409080289,0
"1078",2017-10-01,2019-03-01,2017-11-01,2019-04-01,0.0328169910197896,0,0
"1079",2017-11-01,2019-04-01,2017-12-01,2019-05-01,0.0166849359454541,0.00417488975573629,0
"1080",2017-12-01,2019-05-01,2018-01-01,2019-06-01,0.0717964236852407,0,0
"1081",2018-01-01,2019-06-01,2018-02-01,2019-07-01,0.0124522610661507,0,0
"1082",2018-02-01,2019-07-01,2018-03-01,2019-08-01,0.130206982022919,0.00599211949936107,0
"1083",2018-03-01,2019-08-01,2018-04-01,2019-09-01,0.0223657334782995,0.00928567932769036,0
"1084",2018-04-01,2019-09-01,2018-05-01,2019-10-01,0.0312117997240812,0.00621377563415138,0
"1085",2018-05-01,2019-10-01,2018-06-01,2019-11-01,0.00608147681219673,0,0
"1086",2018-06-01,2019-11-01,2018-07-01,2019-12-01,0.0470080105033682,0.000592699783950008,0
"1087",2018-07-01,2019-12-01,2018-08-01,2020-01-01,0.0150987290007847,0.0122910116770818,0
"1088",2018-08-01,2020-01-01,2018-09-01,2020-02-01,0.609711297344847,0,0
"1089",2018-09-01,2020-02-01,2018-10-01,2020-03-01,59.9376531952217,0.00223406926120803,0
"1090",2018-10-01,2020-03-01,2018-11-01,2020-04-01,17.1267306100365,0,0
"1091",2018-11-01,2020-04-01,2018-12-01,2020-05-01,0.340094569827344,0.000221656134790304,0
"1092",2018-12-01,2020-05-01,2019-01-01,2020-06-01,1.28789171569036,0,0
"1093",2019-01-01,2020-06-01,2019-02-01,2020-07-01,0.558287402133213,0.261721031507469,0
"1094",2019-02-01,2020-07-01,2019-03-01,2020-08-01,0.277832075734915,0.264591125788617,0
"1095",2019-03-01,2020-08-01,2019-04-01,2020-09-01,0.415942093978852,0,0
"1096",2019-04-01,2020-09-01,2019-05-01,2020-10-01,0.0878486374011152,0.0481049493569727,0
"1097",2019-05-01,2020-10-01,2019-06-01,2020-11-01,0.0348387711634616,0,0
"1098",2019-06-01,2020-11-01,2019-07-01,2020-12-01,0.191390870662206,0.0152945538594599,0
"1099",2019-07-01,2020-12-01,2019-08-01,2021-01-01,0.0280598176129085,0.00919882242405124,0
"1100",2019-08-01,2021-01-01,2019-09-01,2021-02-01,0.150065178413276,0,0
"1101",2019-09-01,2021-02-01,2019-10-01,2021-03-01,0.221272419007104,0.00151691717383781,0
"1102",2019-10-01,2021-03-01,2019-11-01,2021-04-01,0.175305884139609,0.295110266583623,0
"1103",2019-11-01,2021-04-01,2019-12-01,2021-05-01,0.0628440797975883,0.251316504889019,0
"1104",2019-12-01,2021-05-01,2020-01-01,2021-06-01,0.0447731792459926,0.000156839962820818,0
"1105",2020-01-01,2021-06-01,2020-02-01,2021-07-01,0.148526824071266,1.22321555223377e-06,0
"1106",2020-02-01,2021-07-01,2020-03-01,2021-08-01,3.81938977069484,0,0
"1107",2020-03-01,2021-08-01,2020-04-01,2021-09-01,71.3423978795252,0.000724245233884892,0
"1108",2020-04-01,2021-09-01,2020-05-01,2021-10-01,14.7446428586386,0,0
"1109",2020-05-01,2021-10-01,2020-06-01,2021-11-01,0.130383909423035,0.00706314136098592,0
"1110",2020-06-01,2021-11-01,2020-07-01,2021-12-01,0.591726978878014,0.00525445950673334,0
"1111",2020-07-01,2021-12-01,2020-08-01,2022-01-01,4.53535976651172,0,0
"1112",2020-08-01,2022-01-01,2020-09-01,2022-02-01,0.0665168721149533,0,0
"1113",2020-09-01,2022-02-01,2020-10-01,2022-03-01,0.94949705348547,0,0
"1114",2020-10-01,2022-03-01,2020-11-01,2022-04-01,1.27067280363169,0.250724245233885,0
"1115",2020-11-01,2022-04-01,2020-12-01,2022-05-01,0.271985800148233,0,0
"1116",2020-12-01,2022-05-01,2021-01-01,2022-06-01,0.117912533789978,0,0
"1117",2021-01-01,2022-06-01,2021-02-01,2022-07-01,0.291020881604382,0.25081180821522,0
"1118",2021-02-01,2022-07-01,2021-03-01,2022-08-01,0.000699661346282074,0.00744711539031918,0
"1119",2021-03-01,2022-08-01,2021-04-01,2022-09-01,0.0556709128736386,0.000481717104211237,0
"1120",2021-04-01,2022-09-01,2021-05-01,2022-10-01,0.280996232269845,0.257777206501328,0
"1121",2021-05-01,2022-10-01,2021-06-01,2022-11-01,0.0387308353135966,0,0
"1122",2021-06-01,2022-11-01,2021-07-01,2022-12-01,0.227665291521187,0.261506472003188,0
"1123",2021-07-01,2022-12-01,2021-08-01,2023-01-01,0.159049346137042,0.0186325435489834,1.00089928498105
"1124",2021-08-01,2023-01-01,2021-09-01,2023-02-01,0.0736505812061762,0,0
"1125",2021-09-01,2023-02-01,2021-10-01,2023-03-01,0.0366101982568552,0.00586398870748315,0
"1126",2021-10-01,2023-03-01,2021-11-01,2023-04-01,0.0467316490015008,0.0115697513666059,1.00089928498105
"1127",2021-11-01,2023-04-01,2021-12-01,2023-05-01,0.0997616048124411,0.0396989761784945,0
"1128",2021-12-01,2023-05-01,2022-01-01,2023-06-01,0.0757644674420965,0.0948953068001566,0
"1129",2022-01-01,2023-06-01,2022-02-01,2023-07-01,0.583763688951837,0.0409154169494148,0
"1130",2022-02-01,2023-07-01,2022-03-01,2023-08-01,0.0394602473297615,0.0355322074308441,0
"1131",2022-03-01,2023-08-01,2022-04-01,2023-09-01,0.234971292809983,0.0306762448606113,0
"1132",2022-04-01,2023-09-01,2022-05-01,2023-10-01,0.32239429532697,0.000919496544272333,0
"1133",2022-05-01,2023-10-01,2022-06-01,2023-11-01,1.02080214832988,0,0
"1134",2022-06-01,2023-11-01,2022-07-01,2023-12-01,0.777645250448738,0.00795675168180583,0
"1135",2022-07-01,2023-12-01,2022-08-01,2024-01-01,0.058426054375784,0.00788421878387547,0
"1136",2022-08-01,2024-01-01,2022-09-01,2024-02-01,0.0647928356183348,0,0
"1137",2022-09-01,2024-02-01,2022-10-01,2024-03-01,3.719931079148,0.0193549374276367,0
"1138",2022-10-01,2024-03-01,2022-11-01,2024-04-01,0.00463708989922437,0,0
"1139",2022-11-01,2024-04-01,2022-12-01,2024-05-01,0.0685285866314582,0.00716901917868412,0
"1140",2022-12-01,2024-05-01,2023-01-01,2024-06-01,0.165861059171591,0.00739616940096442,0
"1141",2023-01-01,2024-06-01,2023-02-01,2024-07-01,0.10074870980178,0.0373419798997224,1.00269266227874
"1142",2023-02-01,2024-07-01,2023-03-01,2024-08-01,4.00818492560081,0.00196938573035426,0
"1143",2023-03-01,2024-08-01,2023-04-01,2024-09-01,0.272747187541781,3.03043007504158e-05,1.00269266227874
"1144",2023-04-01,2024-09-01,2023-05-01,2024-10-01,0.0842713597862926,0.000934673372810125,0
"1145",2023-05-01,2024-10-01,2023-06-01,2024-11-01,0.00447790744863002,0,0
"1146",2023-06-01,2024-11-01,2023-07-01,2024-12-01,0.0198888210295688,0.0118311231477827,0
